date,Aether Vial value
2013-03-09,16.59
2013-03-10,16.53
2013-03-11,16.59
2013-03-12,16.53
2013-03-13,16.59
2013-03-14,16.47
2013-03-15,16.45
2013-03-16,16.41
2013-03-17,16.43
2013-03-18,16.59
2013-03-19,16.51
2013-03-20,16.47
2013-03-21,16.55
2013-03-22,16.55
2013-03-23,16.36
2013-03-24,16.47
2013-03-25,16.36
2013-03-26,16.51
2013-03-27,16.27
2013-03-28,16.42
2013-03-29,16.54
2013-03-30,16.47
2013-03-31,16.54
2013-04-01,16.54
2013-04-02,16.58
2013-04-03,16.61
2013-04-04,16.59
2013-04-05,16.59
2013-04-06,16.58
2013-04-07,16.42
2013-04-08,16.38
2013-04-09,16.49
2013-04-10,16.5
2013-04-11,16.6
2013-04-12,16.6
2013-04-13,16.6
2013-04-14,16.4
2013-04-15,16.61
2013-04-16,16.93
2013-04-17,16.72
2013-04-18,16.62
2013-04-19,16.49
2013-04-20,16.39
2013-04-21,16.39
2013-04-22,16.49
2013-04-23,16.39
2013-04-24,16.39
2013-04-25,16.39
2013-04-26,16.39
2013-04-27,16.39
2013-04-28,16.39
2013-04-29,16.33
2013-04-30,16.28
2013-05-01,16.24
2013-05-02,16.23
2013-05-03,16.27
2013-05-04,16.28
2013-05-05,16.28
2013-05-06,16.36
2013-05-07,16.3
2013-05-08,16.31
2013-05-09,16.25
2013-05-10,16.22
2013-05-11,16.22
2013-05-12,16.19
2013-05-13,16.15
2013-05-14,16.14
2013-05-15,16.14
2013-05-16,16.14
2013-05-17,16.15
2013-05-18,16.15
2013-05-19,16.14
2013-05-20,16.14
2013-05-21,16.14
2013-05-22,16.12
2013-05-23,16.14
2013-05-24,16.09
2013-05-25,15.99
2013-05-26,15.99
2013-05-27,15.99
2013-05-28,15.95
2013-05-29,15.8
2013-05-30,15.77
2013-05-31,15.66
2013-06-01,15.56
2013-06-02,15.52
2013-06-03,15.54
2013-06-04,15.57
2013-06-05,15.54
2013-06-06,15.52
2013-06-07,15.49
2013-06-08,15.47
2013-06-09,15.4
2013-06-10,15.34
2013-06-11,15.35
2013-06-12,15.13
2013-06-13,15.02
2013-06-14,15.0
2013-06-15,14.99
2013-06-16,14.99
2013-06-17,14.99
2013-06-18,14.99
2013-06-19,14.98
2013-06-20,14.98
2013-06-21,14.95
2013-06-22,14.95
2013-06-23,14.95
2013-06-24,14.99
2013-06-25,14.97
2013-06-26,14.95
2013-06-27,14.89
2013-06-28,14.72
2013-06-29,14.52
2013-06-30,14.58
2013-07-01,14.58
2013-07-02,14.55
2013-07-03,14.55
2013-07-04,14.57
2013-07-05,14.57
2013-07-06,14.44
2013-07-07,14.51
2013-07-08,14.44
2013-07-09,14.36
2013-07-10,14.19
2013-07-11,14.0
2013-07-12,13.95
2013-07-13,14.0
2013-07-14,14.0
2013-07-15,14.0
2013-07-16,14.0
2013-07-17,13.95
2013-07-18,13.95
2013-07-19,13.95
2013-07-20,13.81
2013-07-21,13.78
2013-07-22,13.69
2013-07-23,13.64
2013-07-24,13.61
2013-07-25,13.34
2013-07-26,13.28
2013-07-27,13.42
2013-07-28,13.29
2013-07-29,13.28
2013-07-30,13.26
2013-07-31,13.26
2013-08-01,13.25
2013-08-02,13.26
2013-08-03,13.26
2013-08-04,13.25
2013-08-05,13.13
2013-08-06,13.14
2013-08-07,13.0
2013-08-08,12.99
2013-08-09,12.99
2013-08-10,12.99
2013-08-11,12.99
2013-08-12,12.99
2013-08-13,12.89
2013-08-14,12.77
2013-08-15,12.64
2013-08-16,12.72
2013-08-17,12.83
2013-08-18,12.88
2013-08-19,12.86
2013-08-20,12.99
2013-08-21,13.0
2013-08-22,12.99
2013-08-23,12.99
2013-08-24,12.99
2013-08-25,13.0
2013-08-26,13.0
2013-08-27,13.0
2013-08-28,12.88
2013-08-29,12.99
2013-08-30,12.98
2013-08-31,12.95
2013-09-01,12.99
2013-09-02,12.99
2013-09-03,12.98
2013-09-04,12.95
2013-09-05,12.94
2013-09-06,12.95
2013-09-07,12.81
2013-09-08,12.81
2013-09-09,12.99
2013-09-10,12.99
2013-09-11,13.02
2013-09-12,13.0
2013-09-13,13.0
2013-09-14,13.0
2013-09-15,12.99
2013-09-16,12.99
2013-09-17,12.99
2013-09-18,12.99
2013-09-19,13.0
2013-09-20,12.99
2013-09-21,12.99
2013-09-22,12.99
2013-09-23,12.99
2013-09-24,12.99
2013-09-25,12.99
2013-09-26,12.99
2013-09-27,12.99
2013-09-28,12.99
2013-09-29,12.99
2013-09-30,12.99
2013-10-01,13.1
2013-10-02,13.1
2013-10-03,13.09
2013-10-04,13.02
2013-10-05,13.06
2013-10-06,13.06
2013-10-07,13.09
2013-10-08,13.1
2013-10-09,13.06
2013-10-10,13.0
2013-10-11,12.99
2013-10-12,13.0
2013-10-13,13.02
2013-10-14,13.06
2013-10-15,12.99
2013-10-16,12.99
2013-10-17,13.0
2013-10-18,12.99
2013-10-19,12.97
2013-10-20,12.94
2013-10-21,12.94
2013-10-22,12.94
2013-10-23,12.94
2013-10-24,12.94
2013-10-25,12.99
2013-10-26,12.99
2013-10-27,12.99
2013-10-28,12.94
2013-10-29,12.99
2013-10-30,12.95
2013-10-31,12.94
2013-11-01,12.94
2013-11-02,12.85
2013-11-03,12.94
2013-11-04,12.95
2013-11-05,12.9
2013-11-06,12.99
2013-11-07,12.99
2013-11-08,12.97
2013-11-09,12.99
2013-11-10,12.99
2013-11-11,12.99
2013-11-12,12.99
2013-11-13,12.99
2013-11-14,12.99
2013-11-15,12.99
2013-11-16,12.99
2013-11-17,12.99
2013-11-18,12.99
2013-11-19,12.99
2013-11-20,13.03
2013-11-21,13.06
2013-11-22,13.13
2013-11-23,13.26
2013-11-24,13.26
2013-11-25,13.29
2013-11-26,13.33
2013-11-27,13.26
2013-11-28,13.29
2013-11-29,13.26
2013-11-30,13.22
2013-12-01,13.33
2013-12-02,13.36
2013-12-03,13.33
2013-12-04,13.39
2013-12-05,13.39
2013-12-06,13.49
2013-12-07,13.49
2013-12-08,13.49
2013-12-09,13.49
2013-12-10,13.48
2013-12-11,13.48
2013-12-12,13.49
2013-12-13,13.48
2013-12-14,13.47
2013-12-15,13.49
2013-12-16,13.49
2013-12-17,13.49
2013-12-18,13.49
2013-12-19,13.49
2013-12-20,13.49
2013-12-21,13.49
2013-12-22,13.49
2013-12-23,13.49
2013-12-24,13.49
2013-12-25,13.62
2013-12-26,13.74
2013-12-27,13.84
2013-12-28,13.91
2013-12-29,13.97
2013-12-30,14.03
2013-12-31,14.14
2014-01-01,14.14
2014-01-02,14.14
2014-01-03,14.0
2014-01-04,13.99
2014-01-05,14.11
2014-01-06,14.1
2014-01-07,14.1
2014-01-08,14.2
2014-01-09,14.06
2014-01-10,14.09
2014-01-11,14.21
2014-01-12,14.2
2014-01-13,14.23
2014-01-14,14.52
2014-01-15,14.69
2014-01-16,14.8
2014-01-17,14.75
2014-01-18,14.71
2014-01-19,14.71
2014-01-20,14.75
2014-01-21,14.9
2014-01-22,14.97
2014-01-23,15.0
2014-01-24,15.17
2014-01-25,15.0
2014-01-26,15.15
2014-01-27,15.19
2014-01-28,15.19
2014-01-29,15.15
2014-01-30,15.12
2014-01-31,15.06
2014-02-01,15.15
2014-02-02,15.23
2014-02-03,15.31
2014-02-04,16.11
2014-02-05,16.6
2014-02-06,16.62
2014-02-07,17.0
2014-02-08,17.2
2014-02-09,17.0
2014-02-10,17.26
2014-02-11,17.3
2014-02-12,17.05
2014-02-13,17.21
2014-02-14,17.65
2014-02-15,17.99
2014-02-16,17.99
2014-02-17,17.99
2014-02-18,17.96
2014-02-19,18.42
2014-02-20,18.6
2014-02-21,18.88
2014-02-22,18.99
2014-02-23,18.99
2014-02-24,19.09
2014-02-25,19.52
2014-02-26,19.69
2014-02-27,19.98
2014-02-28,19.98
2014-03-01,19.96
2014-03-02,19.97
2014-03-03,19.96
2014-03-04,19.96
2014-03-05,19.97
2014-03-06,19.96
2014-03-07,19.97
2014-03-08,19.97
2014-03-09,19.89
2014-03-10,19.98
2014-03-11,19.99
2014-03-12,19.99
2014-03-13,19.99
2014-03-14,20.37
2014-03-15,20.89
2014-03-16,20.67
2014-03-17,21.42
2014-03-18,21.42
2014-03-19,20.89
2014-03-20,20.94
2014-03-21,20.99
2014-03-22,21.42
2014-03-23,21.76
2014-03-24,21.42
2014-03-25,21.52
2014-03-26,21.52
2014-03-27,21.52
2014-03-28,21.52
2014-03-29,21.42
2014-03-30,21.58
2014-03-31,21.99
2014-04-01,22.14
2014-04-02,21.99
2014-04-03,22.49
2014-04-04,22.49
2014-04-05,22.49
2014-04-06,22.49
2014-04-07,22.79
2014-04-08,23.29
2014-04-09,23.72
2014-04-10,23.7
2014-04-11,23.7
2014-04-12,23.7
2014-04-13,23.7
2014-04-14,23.75
2014-04-15,23.92
2014-04-16,23.7
2014-04-17,23.26
2014-04-18,23.49
2014-04-19,23.51
2014-04-20,23.49
2014-04-21,23.49
2014-04-22,22.99
2014-04-23,22.99
2014-04-24,22.68
2014-04-25,22.61
2014-04-26,22.59
2014-04-27,22.49
2014-04-28,22.49
2014-04-29,22.49
2014-04-30,22.49
2014-05-01,22.49
2014-05-02,22.35
2014-05-03,22.41
2014-05-04,22.34
2014-05-05,22.49
2014-05-06,22.49
2014-05-07,22.33
2014-05-08,22.49
2014-05-09,22.4
2014-05-11,22.49
2014-05-12,22.59
2014-05-13,22.68
2014-05-14,22.71
2014-05-15,22.49
2014-05-16,22.49
2014-05-17,22.54
2014-05-18,22.54
2014-05-20,22.86
2014-05-21,22.74
2014-05-22,22.72
2014-05-23,22.49
2014-05-24,22.49
2014-05-25,22.49
2014-05-26,22.49
2014-05-27,22.49
2014-05-28,22.51
2014-05-29,22.49
2014-05-30,22.64
2014-05-31,22.75
2014-06-01,22.62
2014-06-02,22.76
2014-06-03,22.49
2014-06-04,22.49
2014-06-05,22.49
2014-06-06,22.49
2014-06-07,22.49
2014-06-08,22.49
2014-06-09,22.49
2014-06-10,22.48
2014-06-11,22.49
2014-06-12,22.49
2014-06-13,22.49
2014-06-14,22.49
2014-06-15,22.49
2014-06-16,22.49
2014-06-17,22.49
2014-06-18,22.45
2014-06-19,22.37
2014-06-20,22.28
2014-06-21,22.27
2014-06-22,22.22
2014-06-23,22.22
2014-06-25,22.22
2014-06-26,22.22
2014-06-27,22.2
2014-06-28,22.22
2014-06-29,22.27
2014-06-30,22.18
2014-07-01,22.29
2014-07-02,22.35
2014-07-03,22.35
2014-07-04,22.44
2014-07-05,22.46
2014-07-06,22.47
2014-07-07,22.36
2014-07-08,22.34
2014-07-09,22.27
2014-07-11,22.3
2014-07-12,22.3
2014-07-13,22.27
2014-07-14,22.27
2014-07-15,22.27
2014-07-16,22.23
2014-07-17,22.24
2014-07-19,22.27
2014-07-20,22.3
2014-07-21,22.31
2014-07-22,22.29
2014-07-23,22.3
2014-07-24,22.29
2014-07-25,22.25
2014-07-26,22.25
2014-07-27,22.25
2014-07-28,22.24
2014-07-29,22.25
2014-07-30,22.25
2014-07-31,22.24
2014-08-01,22.26
2014-08-02,22.27
2014-08-03,22.29
2014-08-04,22.39
2014-08-05,22.42
2014-08-06,22.42
2014-08-07,22.41
2014-08-08,22.41
2014-08-09,22.49
2014-08-10,22.49
2014-08-11,22.42
2014-08-12,22.48
2014-08-13,22.49
2014-08-14,22.48
2014-08-15,22.47
2014-08-16,22.47
2014-08-17,22.48
2014-08-18,22.5
2014-08-19,22.66
2014-08-20,22.82
2014-08-21,22.5
2014-08-22,22.5
2014-08-23,22.5
2014-08-24,22.49
2014-08-25,22.5
2014-08-26,22.54
2014-08-27,22.52
2014-08-28,22.51
2014-08-29,22.51
2014-08-30,22.51
2014-08-31,22.79
2014-09-01,22.79
2014-09-02,22.45
2014-09-03,22.5
2014-09-04,22.65
2014-09-05,22.55
2014-09-06,22.53
2014-09-07,22.65
2014-09-08,22.75
2014-09-09,22.64
2014-09-10,22.63
2014-09-11,22.63
2014-09-12,22.71
2014-09-13,22.71
2014-09-14,22.62
2014-09-15,22.65
2014-09-16,22.63
2014-09-17,22.64
2014-09-18,22.5
2014-09-19,22.63
2014-09-20,22.67
2014-09-21,22.62
2014-09-22,22.73
2014-09-23,22.52
2014-09-24,22.5
2014-09-25,22.5
2014-09-26,22.64
2014-09-27,22.63
2014-09-28,22.53
2014-09-29,22.53
2014-09-30,22.5
2014-10-01,22.49
2014-10-02,22.49
2014-10-03,22.33
2014-10-04,22.33
2014-10-05,22.36
2014-10-06,22.33
2014-10-07,22.36
2014-10-08,22.36
2014-10-10,22.31
2014-10-11,22.37
2014-10-12,22.33
2014-10-13,22.31
2014-10-14,22.23
2014-10-15,22.15
2014-10-16,21.99
2014-10-17,21.98
2014-10-18,21.98
2014-10-19,21.98
2014-10-20,21.98
2014-10-21,21.95
2014-10-22,21.9
2014-10-23,21.93
2014-10-24,21.9
2014-10-25,21.84
2014-10-26,21.86
2014-10-27,21.84
2014-10-28,21.95
2014-10-29,21.84
2014-10-30,21.84
2014-10-31,21.8
2014-11-01,21.9
2014-11-02,21.95
2014-11-03,21.95
2014-11-04,21.95
2014-11-05,21.95
2014-11-06,21.95
2014-11-07,21.98
2014-11-08,21.98
2014-11-09,21.98
2014-11-10,21.98
2014-11-11,21.98
2014-11-12,21.98
2014-11-13,21.98
2014-11-14,21.99
2014-11-15,21.98
2014-11-16,21.98
2014-11-17,21.96
2014-11-18,21.91
2014-11-19,21.86
2014-11-20,21.84
2014-11-21,21.76
2014-11-22,21.79
2014-11-23,21.67
2014-11-24,21.67
2014-11-25,21.67
2014-11-26,21.71
2014-11-27,21.66
2014-11-28,21.59
2014-11-29,21.42
2014-11-30,21.36
2014-12-01,21.46
2014-12-02,21.35
2014-12-03,21.23
2014-12-04,21.28
2014-12-05,21.3
2014-12-06,21.25
2014-12-07,21.23
2014-12-08,21.24
2014-12-09,20.99
2014-12-10,20.98
2014-12-11,20.96
2014-12-12,20.95
2014-12-13,20.93
2014-12-14,20.95
2014-12-15,20.98
2014-12-16,20.97
2014-12-17,20.97
2014-12-18,20.99
2014-12-19,21.0
2014-12-20,21.1
2014-12-21,21.23
2014-12-22,21.05
2014-12-23,21.23
2014-12-24,21.24
2014-12-25,21.27
2014-12-26,21.25
2014-12-27,21.26
2014-12-28,21.36
2014-12-29,21.38
2014-12-30,21.36
2014-12-31,21.36
2015-01-01,21.26
2015-01-02,21.26
2015-01-03,21.25
2015-01-04,21.25
2015-01-05,21.24
2015-01-06,21.3
2015-01-07,21.21
2015-01-08,21.23
2015-01-09,21.14
2015-01-10,21.08
2015-01-11,21.14
2015-01-13,21.22
2015-01-14,21.2
2015-01-15,21.23
2015-01-16,21.28
2015-01-18,21.25
2015-01-19,21.25
2015-01-20,21.29
2015-01-21,21.35
2015-01-22,21.35
2015-01-23,21.35
2015-01-24,21.59
2015-01-25,21.67
2015-01-26,21.42
2015-01-27,21.63
2015-01-29,21.65
2015-01-30,21.65
2015-01-31,21.84
2015-02-01,21.84
2015-02-02,21.96
2015-02-04,21.99
2015-02-05,21.96
2015-02-06,22.0
2015-02-07,22.05
2015-02-08,22.2
2015-02-10,22.33
2015-02-11,22.28
2015-02-12,22.18
2015-02-13,22.44
2015-02-14,22.33
2015-02-15,22.33
2015-02-16,22.37
2015-02-17,22.15
2015-02-18,22.14
2015-02-19,22.16
2015-02-20,22.14
2015-02-21,22.14
2015-02-22,22.14
2015-02-23,22.36
2015-02-24,22.52
2015-02-25,22.79
2015-02-26,22.6
2015-02-27,22.67
2015-02-28,22.7
2015-03-01,22.7
2015-03-02,22.69
2015-03-03,22.76
2015-03-04,22.71
2015-03-05,22.78
2015-03-06,22.76
2015-03-07,22.83
2015-03-08,22.79
2015-03-09,22.71
2015-03-10,22.71
2015-03-11,22.7
2015-03-12,22.79
2015-03-13,22.78
2015-03-14,22.76
2015-03-15,22.78
2015-03-16,22.8
2015-03-17,22.93
2015-03-18,22.54
2015-03-19,22.55
2015-03-20,22.79
2015-03-21,22.77
2015-03-22,22.95
2015-03-23,22.91
2015-03-24,22.99
2015-03-25,23.04
2015-03-26,23.07
2015-03-27,23.28
2015-03-28,23.18
2015-03-29,23.27
2015-03-30,23.04
2015-03-31,22.99
2015-04-01,22.99
2015-04-02,22.99
2015-04-03,22.99
2015-04-04,22.99
2015-04-05,22.99
2015-04-06,23.02
2015-04-07,23.09
2015-04-08,23.09
2015-04-09,23.06
2015-04-10,23.04
2015-04-11,23.04
2015-04-12,22.99
2015-04-13,23.09
2015-04-14,22.99
2015-04-15,22.99
2015-04-16,22.99
2015-04-17,23.02
2015-04-18,23.07
2015-04-19,23.07
2015-04-20,23.02
2015-04-21,23.13
2015-04-22,23.17
2015-04-23,23.17
2015-04-24,23.28
2015-04-25,23.21
2015-04-26,23.21
2015-04-27,23.15
2015-04-28,23.09
2015-04-29,23.09
2015-04-30,23.09
2015-05-01,23.07
2015-05-02,23.18
2015-05-03,23.09
2015-05-04,22.99
2015-05-05,22.99
2015-05-06,22.99
2015-05-07,23.15
2015-05-08,23.21
2015-05-09,23.38
2015-05-10,23.39
2015-05-11,23.4
2015-05-12,23.36
2015-05-13,23.38
2015-05-14,23.38
2015-05-15,23.38
2015-05-16,23.39
2015-05-17,23.4
2015-05-19,23.67
2015-05-20,23.49
2015-05-21,23.45
2015-05-22,23.4
2015-05-23,23.66
2015-05-24,23.65
2015-05-25,23.65
2015-05-26,23.66
2015-05-27,23.74
2015-05-28,23.74
2015-05-29,23.75
2015-05-30,23.88
2015-05-31,23.88
2015-06-01,23.79
2015-06-02,23.82
2015-06-03,23.8
2015-06-04,23.8
2015-06-05,23.96
2015-06-06,23.87
2015-06-07,24.03
2015-06-08,24.29
2015-06-09,24.33
2015-06-10,24.56
2015-06-11,24.45
2015-06-12,24.47
2015-06-13,24.34
2015-06-14,24.15
2015-06-15,24.01
2015-06-16,24.15
2015-06-17,24.29
2015-06-18,24.56
2015-06-19,24.29
2015-06-20,24.34
2015-06-21,24.34
2015-06-22,24.99
2015-06-23,25.09
2015-06-24,25.19
2015-06-25,25.19
2015-06-26,25.26
2015-06-27,27.69
2015-06-28,28.99
2015-06-29,34.21
2015-06-30,35.05
2015-07-01,34.99
2015-07-02,35.9
2015-07-03,36.07
2015-07-04,36.07
2015-07-05,36.03
2015-07-06,35.99
2015-07-07,37.31
2015-07-08,36.25
2015-07-09,36.03
2015-07-10,36.1
2015-07-11,36.4
2015-07-12,36.4
2015-07-13,36.09
2015-07-14,36.76
2015-07-15,37.12
2015-07-16,37.09
2015-07-17,37.12
2015-07-18,37.12
2015-07-19,37.2
2015-07-20,37.2
2015-07-21,37.99
2015-07-22,37.35
2015-07-23,37.35
2015-07-24,37.04
2015-07-25,37.2
2015-07-26,37.04
2015-07-27,37.19
2015-07-28,36.96
2015-07-29,37.33
2015-07-30,37.04
2015-07-31,36.25
2015-08-01,36.4
2015-08-02,36.1
2015-08-03,36.4
2015-08-04,36.4
2015-08-05,36.25
2015-08-06,36.2
2015-08-07,36.31
2015-08-08,36.4
2015-08-09,36.91
2015-08-10,37.04
2015-08-11,36.18
2015-08-12,35.97
2015-08-13,35.97
2015-08-14,35.87
2015-08-15,35.97
2015-08-16,35.98
2015-08-17,35.98
2015-08-18,35.99
2015-08-19,36.07
2015-08-20,35.97
2015-08-21,35.98
2015-08-22,35.86
2015-08-23,35.57
2015-08-24,35.62
2015-08-25,35.5
2015-08-26,35.14
2015-08-27,35.17
2015-08-28,35.25
2015-08-29,35.6
2015-08-30,35.98
2015-08-31,36.4
2015-09-01,36.1
2015-09-02,36.1
2015-09-03,36.25
2015-09-04,36.4
2015-09-05,36.84
2015-09-06,37.01
2015-09-07,37.01
2015-09-08,37.04
2015-09-09,36.79
2015-09-10,36.83
2015-09-11,36.91
2015-09-12,36.88
2015-09-13,36.92
2015-09-14,36.91
2015-09-15,36.79
2015-09-16,36.72
2015-09-17,36.52
2015-09-18,36.72
2015-09-19,36.96
2015-09-20,37.02
2015-09-21,36.99
2015-09-22,36.95
2015-09-24,37.04
2015-09-25,37.05
2015-09-26,37.05
2015-09-27,37.04
2015-09-28,37.04
2015-09-29,37.04
2015-09-30,37.04
2015-10-01,37.04
2015-10-02,37.05
2015-10-03,37.14
2015-10-04,37.39
2015-10-05,37.36
2015-10-06,37.21
2015-10-07,37.05
2015-10-08,37.0
2015-10-09,36.99
2015-10-10,37.0
2015-10-11,36.85
2015-10-12,36.87
2015-10-13,36.48
2015-10-14,36.33
2015-10-15,36.0
2015-10-16,36.0
2015-10-17,36.34
2015-10-18,36.45
2015-10-19,36.34
2015-10-20,36.43
2015-10-21,36.33
2015-10-22,36.33
2015-10-23,36.34
2015-10-24,36.27
2015-10-25,36.05
2015-10-26,36.03
2015-10-27,36.05
2015-10-28,36.0
2015-10-29,35.99
2015-10-30,35.97
2015-10-31,35.99
2015-11-01,35.99
2015-11-02,36.33
2015-11-03,36.33
2015-11-04,36.44
2015-11-05,36.43
2015-11-06,36.48
2015-11-07,36.57
2015-11-08,36.72
2015-11-09,36.61
2015-11-10,36.47
2015-11-11,36.53
2015-11-12,36.77
2015-11-13,36.72
2015-11-14,36.49
2015-11-15,36.55
2015-11-16,36.55
2015-11-17,36.5
2015-11-18,36.58
2015-11-19,36.72
2015-11-20,36.65
2015-11-21,36.72
2015-11-22,36.58
2015-11-23,36.3
2015-11-24,36.25
2015-11-25,36.72
2015-11-26,36.65
2015-11-27,36.33
2015-11-28,36.21
2015-11-29,36.0
2015-11-30,35.99
2015-12-01,36.11
2015-12-02,36.0
2015-12-03,36.72
2015-12-04,36.72
2015-12-05,36.58
2015-12-06,36.59
2015-12-07,36.59
2015-12-08,36.72
2015-12-09,36.85
2015-12-10,36.69
2015-12-11,36.52
2015-12-12,36.48
2015-12-13,36.72
2015-12-14,36.65
2015-12-15,36.36
2015-12-16,36.41
2015-12-17,36.5
2015-12-18,36.58
2015-12-19,36.58
2015-12-20,36.84
2015-12-21,36.96
2015-12-22,36.96
2015-12-23,36.96
2015-12-24,36.84
2015-12-25,36.96
2015-12-26,37.0
2015-12-27,37.0
2015-12-28,36.86
2015-12-29,36.91
2015-12-30,36.96
2015-12-31,36.99
2016-01-01,37.0
2016-01-02,37.0
2016-01-03,37.04
2016-01-04,37.05
2016-01-05,37.04
2016-01-06,37.04
2016-01-07,37.04
2016-01-09,37.02
2016-01-10,37.04
2016-01-12,37.69
2016-01-13,37.34
2016-01-14,37.82
2016-01-15,37.61
2016-01-16,37.99
2016-01-17,37.99
2016-01-18,37.99
2016-01-19,37.99
2016-01-20,38.47
2016-01-21,38.7
2016-01-22,38.68
2016-01-23,38.79
2016-01-24,38.56
2016-01-25,38.39
2016-01-26,37.99
2016-01-27,37.48
2016-01-28,37.2
2016-01-30,37.99
2016-01-31,38.76
2016-02-01,39.18
2016-02-02,39.18
2016-02-03,39.5
2016-02-04,39.7
2016-02-05,39.94
2016-02-06,39.7
2016-02-07,39.25
2016-02-08,38.76
2016-02-09,40.18
2016-02-10,40.76
2016-02-12,40.56
2016-02-13,40.85
2016-02-14,40.81
2016-02-15,40.79
2016-02-16,40.85
2016-02-18,42.9
2016-02-19,42.61
2016-02-20,42.23
2016-02-21,42.39
2016-02-22,42.03
2016-02-23,41.93
2016-02-24,42.0
2016-02-25,41.78
2016-02-26,41.53
2016-02-27,41.81
2016-02-28,41.53
2016-02-29,42.0
2016-03-01,42.01
2016-03-02,42.05
2016-03-03,42.05
2016-03-05,42.73
2016-03-06,42.99
2016-03-07,42.99
2016-03-08,42.74
2016-03-09,42.87
2016-03-10,42.42
2016-03-11,42.74
2016-03-12,42.99
2016-03-13,43.25
2016-03-14,43.25
2016-03-15,43.3
2016-03-16,43.5
2016-03-17,43.67
2016-03-18,43.67
2016-03-19,43.27
2016-03-20,43.14
2016-03-21,43.47
2016-03-22,37.94
2016-03-23,43.27
2016-03-24,43.24
2016-03-25,42.99
2016-03-26,42.99
2016-03-27,42.98
2016-03-28,43.0
2016-03-29,43.0
2016-03-30,43.0
2016-03-31,43.2
2016-04-01,43.0
2016-04-02,43.29
2016-04-03,42.99
2016-04-04,42.95
2016-04-05,42.95
2016-04-06,43.0
2016-04-07,43.2
2016-04-08,43.3
2016-04-09,43.3
2016-04-10,43.26
2016-04-11,43.3
2016-04-13,43.48
2016-04-14,43.56
2016-04-15,43.55
2016-04-16,43.8
2016-04-17,43.51
2016-04-18,43.48
2016-04-19,43.64
2016-04-20,43.64
2016-04-21,43.46
2016-04-22,43.55
2016-04-23,43.65
2016-04-24,43.57
2016-04-25,43.08
2016-04-26,43.45
2016-04-27,43.58
2016-04-28,43.45
2016-04-29,43.35
2016-04-30,43.55
2016-05-01,43.62
2016-05-02,43.64
2016-05-03,43.64
2016-05-04,43.58
2016-05-05,43.55
2016-05-06,43.47
2016-05-07,43.55
2016-05-09,43.55
2016-05-10,43.2
2016-05-11,42.99
2016-05-12,43.3
2016-05-13,43.08
2016-05-14,43.0
2016-05-15,43.26
2016-05-16,43.39
2016-05-17,43.28
2016-05-18,43.13
2016-05-19,42.93
2016-05-20,43.0
2016-05-21,42.98
2016-05-22,42.91
2016-05-23,42.91
2016-05-24,42.53
2016-05-25,42.36
2016-05-26,42.36
2016-05-27,42.87
2016-05-28,42.91
2016-05-29,42.99
2016-05-31,43.0
2016-06-01,43.08
2016-06-02,42.91
2016-06-03,42.95
2016-06-04,42.88
2016-06-05,42.98
2016-06-06,43.06
2016-06-07,43.3
2016-06-08,43.6
2016-06-09,43.6
2016-06-12,43.75
2016-06-13,43.85
2016-06-14,43.92
2016-06-15,43.7
2016-06-16,43.73
2016-06-17,43.69
2016-06-18,43.7
2016-06-19,43.7
2016-06-20,43.55
2016-06-21,43.19
2016-06-22,43.19
2016-06-23,43.19
2016-06-24,43.25
2016-06-25,43.55
2016-06-26,43.27
2016-06-27,43.27
2016-06-28,43.55
2016-06-29,43.27
2016-06-30,43.55
2016-07-01,43.43
2016-07-02,43.25
2016-07-04,43.19
2016-07-05,43.19
2016-07-06,43.19
2016-07-07,43.06
2016-07-08,43.06
2016-07-09,42.93
2016-07-10,42.99
2016-07-11,43.12
2016-07-12,43.0
2016-07-13,42.99
2016-07-15,42.7
2016-07-16,42.7
2016-07-17,42.72
2016-07-18,42.7
2016-07-19,42.72
2016-07-20,42.73
2016-07-21,42.72
2016-07-22,42.7
2016-07-23,42.74
2016-07-24,43.0
2016-07-25,43.0
2016-07-26,43.0
2016-07-27,43.09
2016-07-28,43.0
2016-07-29,43.0
2016-07-30,43.0
2016-07-31,43.19
2016-08-01,43.19
2016-08-02,43.21
2016-08-03,43.18
2016-08-04,43.42
2016-08-05,43.41
2016-08-06,43.67
2016-08-07,43.67
2016-08-08,43.86
2016-08-09,43.87
2016-08-10,43.51
2016-08-11,43.51
2016-08-12,43.61
2016-08-13,43.59
2016-08-14,43.74
2016-08-15,43.67
2016-08-16,43.55
2016-08-17,43.75
2016-08-18,43.62
2016-08-19,43.35
2016-08-20,43.27
2016-08-22,43.75
2016-08-23,43.75
2016-08-24,43.47
2016-08-25,43.06
2016-08-26,43.1
2016-08-27,43.19
2016-08-28,43.15
2016-08-29,43.32
2016-08-30,43.87
2016-08-31,43.87
2016-09-01,43.75
2016-09-02,43.09
2016-09-03,44.06
2016-09-04,43.92
2016-09-05,44.06
2016-09-06,43.97
2016-09-07,43.99
2016-09-08,44.12
2016-09-09,43.99
2016-09-10,43.95
2016-09-11,43.97
2016-09-12,43.99
2016-09-13,43.54
2016-09-14,43.25
2016-09-15,42.93
2016-09-16,42.93
2016-09-17,42.7
2016-09-19,42.73
2016-09-20,41.97
2016-09-21,41.91
2016-09-22,41.95
2016-09-23,42.22
2016-09-24,42.09
2016-09-25,41.84
2016-09-26,41.59
2016-09-27,41.69
2016-09-28,41.06
2016-09-29,40.6
2016-09-30,41.19
2016-10-01,40.55
2016-10-02,40.55
2016-10-03,40.67
2016-10-04,41.19
2016-10-05,41.19
2016-10-06,41.78
2016-10-07,41.84
2016-10-08,41.52
2016-10-09,41.33
2016-10-10,40.62
2016-10-11,40.38
2016-10-12,40.42
2016-10-13,40.42
2016-10-14,40.42
2016-10-15,40.0
2016-10-16,40.0
2016-10-17,40.04
2016-10-18,40.1
2016-10-19,39.99
2016-10-20,40.08
2016-10-21,39.85
2016-10-22,39.9
2016-10-23,40.08
2016-10-24,39.99
2016-10-25,39.99
2016-10-26,39.99
2016-10-27,39.99
2016-10-28,39.98
2016-10-29,39.99
2016-10-30,40.23
2016-10-31,37.97
2016-11-01,40.08
2016-11-02,40.27
2016-11-03,39.84
2016-11-04,39.9
2016-11-05,39.97
2016-11-06,39.99
2016-11-07,39.99
2016-11-08,36.21
2016-11-09,39.99
2016-11-10,40.11
2016-11-11,39.99
2016-11-12,39.84
2016-11-13,39.76
2016-11-14,39.6
2016-11-15,39.59
2016-11-16,39.6
2016-11-17,39.07
2016-11-18,38.83
2016-11-19,38.61
2016-11-20,38.61
2016-11-21,38.64
2016-11-22,37.99
2016-11-23,37.97
2016-11-24,37.79
2016-11-25,38.18
2016-11-26,38.12
2016-11-27,38.18
2016-11-28,38.99
2016-11-29,38.99
2016-11-30,38.83
2016-12-01,38.05
2016-12-02,37.99
2016-12-03,37.99
2016-12-04,37.98
2016-12-05,37.95
2016-12-06,37.95
2016-12-07,37.87
2016-12-08,37.87
2016-12-09,37.79
2016-12-10,37.97
2016-12-11,37.98
2016-12-12,37.98
2016-12-13,38.25
2016-12-14,37.99
2016-12-15,37.99
2016-12-16,37.99
2016-12-17,37.99
2016-12-18,37.98
2016-12-19,37.8
2016-12-20,37.87
2016-12-21,37.79
2016-12-22,37.94
2016-12-23,37.78
2016-12-24,37.8
2016-12-25,37.8
2016-12-26,37.98
2016-12-27,38.59
2016-12-28,38.59
2016-12-29,38.76
2016-12-30,38.95
2016-12-31,38.93
2017-01-01,38.93
2017-01-02,38.76
2017-01-03,38.56
2017-01-04,38.0
2017-01-05,38.25
2017-01-06,38.53
2017-01-07,38.0
2017-01-08,38.0
2017-01-09,37.95
2017-01-10,38.0
2017-01-11,38.14
2017-01-12,37.99
2017-01-13,38.42
2017-01-14,38.42
2017-01-15,38.64
2017-01-16,38.76
2017-01-17,38.64
2017-01-18,38.56
2017-01-19,38.58
2017-01-20,38.6
2017-01-21,38.95
2017-01-22,38.99
2017-01-23,38.91
2017-01-24,38.77
2017-01-25,38.6
2017-01-26,38.63
2017-01-27,38.56
2017-01-28,38.0
2017-01-29,37.99
2017-01-30,37.99
2017-01-31,37.95
2017-02-01,37.91
2017-02-02,37.95
2017-02-03,37.59
2017-02-04,37.6
2017-02-05,37.36
2017-02-06,37.36
2017-02-07,37.35
2017-02-08,37.33
2017-02-09,37.32
2017-02-10,37.32
2017-02-11,37.22
2017-02-12,37.34
2017-02-13,37.03
2017-02-14,37.02
2017-02-16,36.99
2017-02-17,36.65
2017-02-18,36.65
2017-02-19,37.04
2017-02-20,36.84
2017-02-21,36.65
2017-02-22,36.65
2017-02-23,36.65
2017-02-26,36.84
2017-02-27,36.92
2017-02-28,37.22
2017-03-01,37.22
2017-03-02,37.58
2017-03-03,37.22
2017-03-04,37.26
2017-03-05,37.64
2017-03-06,37.95
2017-03-07,35.62
2017-03-08,37.99
2017-03-09,38.66
2017-03-10,38.9
2017-03-11,39.3
2017-03-12,39.08
2017-03-13,39.23
2017-03-14,39.3
2017-03-15,39.8
2017-03-17,39.23
2017-03-18,39.23
2017-03-19,39.23
2017-03-20,39.75
2017-03-21,39.8
2017-03-22,39.93
2017-03-23,39.94
2017-03-24,39.97
2017-03-25,40.41
2017-03-26,40.74
2017-03-27,41.0
2017-03-28,41.0
2017-03-29,40.68
2017-03-30,41.0
2017-03-31,40.65
2017-04-01,41.32
2017-04-02,41.29
2017-04-03,41.15
2017-04-04,41.35
2017-04-05,41.35
2017-04-06,41.29
2017-04-07,41.35
2017-04-08,41.35
2017-04-09,41.35
2017-04-10,41.35
2017-04-11,41.35
2017-04-12,41.35
2017-04-13,41.17
2017-04-14,41.35
2017-04-15,41.73
2017-04-16,41.65
2017-04-17,41.65
2017-04-18,41.35
2017-04-19,41.5
2017-04-20,41.35
2017-04-21,41.65
2017-04-22,41.95
2017-04-23,42.37
2017-04-24,42.42
2017-04-25,42.09
2017-04-26,42.77
2017-04-27,43.01
2017-04-28,43.03
2017-04-29,43.26
2017-04-30,43.01
2017-05-01,43.55
2017-05-02,43.89
2017-05-03,43.91
2017-05-04,43.58
2017-05-05,43.56
2017-05-06,43.64
2017-05-07,43.6
2017-05-08,44.31
2017-05-09,43.96
2017-05-10,43.55
2017-05-11,43.43
2017-05-12,43.43
2017-05-13,43.3
2017-05-14,43.3
2017-05-15,43.0
2017-05-16,42.7
2017-05-17,43.0
2017-05-18,43.2
2017-05-19,43.2
2017-05-20,43.1
2017-05-21,43.1
2017-05-22,43.27
2017-05-23,43.2
2017-05-24,43.31
2017-05-25,43.14
2017-05-26,43.45
2017-05-27,43.53
2017-05-28,43.53
2017-05-29,43.23
2017-05-30,43.04
2017-05-31,42.74
2017-06-01,43.23
2017-06-02,43.56
2017-06-03,43.49
2017-06-04,43.49
2017-06-05,43.2
2017-06-06,42.93
2017-06-07,42.79
2017-06-08,42.75
2017-06-09,42.73
2017-06-10,42.7
2017-06-11,42.39
2017-06-12,42.84
2017-06-13,43.1
2017-06-14,43.53
2017-06-15,43.16
2017-06-16,43.16
2017-06-17,43.56
2017-06-18,43.41
2017-06-19,43.99
2017-06-20,44.09
2017-06-21,43.99
2017-06-22,44.61
2017-06-23,44.09
2017-06-24,44.19
2017-06-25,44.81
2017-06-26,44.72
2017-06-27,44.72
2017-06-28,44.2
2017-06-29,44.46
2017-06-30,44.46
2017-07-01,44.72
2017-07-02,44.81
2017-07-03,44.95
2017-07-04,44.92
2017-07-05,44.92
2017-07-06,44.93
2017-07-07,44.9
2017-07-08,44.93
2017-07-09,45.5
2017-07-10,45.53
2017-07-11,45.55
2017-07-12,45.5
2017-07-13,45.02
2017-07-14,45.0
2017-07-15,45.07
2017-07-16,45.0
2017-07-17,45.04
2017-07-18,45.0
2017-07-19,45.12
2017-07-20,45.07
2017-07-21,45.57
2017-07-22,45.59
2017-07-23,45.59
2017-07-24,45.66
2017-07-25,40.96
2017-07-26,45.68
2017-07-27,45.6
2017-07-28,45.58
2017-07-29,45.55
2017-07-30,45.58
2017-07-31,45.62
2017-08-01,45.64
2017-08-02,45.68
2017-08-03,45.68
2017-08-04,45.68
2017-08-05,45.66
2017-08-06,45.68
2017-08-07,45.52
2017-08-08,45.64
2017-08-09,45.93
2017-08-10,45.97
2017-08-11,45.68
2017-08-12,45.98
2017-08-13,45.93
2017-08-14,45.89
2017-08-15,45.97
2017-08-16,45.99
2017-08-17,47.45
2017-08-18,46.99
2017-08-19,47.08
2017-08-20,46.99
2017-08-21,47.04
2017-08-22,46.79
2017-08-23,45.99
2017-08-24,46.8
2017-08-25,47.47
2017-08-26,47.61
2017-08-27,47.31
2017-08-28,46.0
2017-08-29,45.97
2017-08-30,46.5
2017-08-31,46.78
2017-09-01,46.78
2017-09-02,46.95
2017-09-03,46.55
2017-09-04,46.34
2017-09-05,46.29
2017-09-06,46.15
2017-09-07,46.0
2017-09-08,46.0
2017-09-09,45.0
2017-09-10,45.0
2017-09-11,45.0
2017-09-12,45.0
2017-09-13,45.0
2017-09-14,44.99
2017-09-15,45.0
2017-09-16,45.0
2017-09-17,45.0
2017-09-18,45.0
2017-09-19,44.79
2017-09-20,44.18
2017-09-21,43.89
2017-09-22,43.89
2017-09-23,43.81
2017-09-24,43.89
2017-09-25,43.99
2017-09-26,43.89
2017-09-27,43.89
2017-09-28,43.89
2017-09-29,43.8
2017-09-30,43.8
2017-10-01,42.99
2017-10-02,42.75
2017-10-03,43.23
2017-10-04,42.75
2017-10-05,42.75
2017-10-06,43.23
2017-10-07,42.7
2017-10-08,43.45
2017-10-09,42.99
2017-10-10,42.73
2017-10-11,42.99
2017-10-12,42.73
2017-10-13,42.5
2017-10-14,42.15
2017-10-15,41.99
2017-10-19,41.35
2017-10-20,41.44
2017-10-21,41.44
2017-10-22,41.45
2017-10-23,41.44
2017-10-24,41.99
2017-10-25,42.0
2017-10-26,42.0
2017-10-27,42.03
2017-10-28,41.98
2017-10-29,41.99
2017-10-30,41.98
2017-10-31,42.0
2017-11-01,42.14
2017-11-02,42.0
2017-11-03,42.28
2017-11-04,42.14
2017-11-05,42.22
2017-11-06,42.29
2017-11-07,42.0
2017-11-08,42.0
2017-11-09,42.0
2017-11-10,42.29
2017-11-11,42.78
2017-11-12,42.79
2017-11-13,42.82
2017-11-14,42.5
2017-11-15,42.52
2017-11-16,42.75
2017-11-17,42.7
2017-11-18,42.75
2017-11-19,42.83
2017-11-20,42.75
2017-11-21,41.98
2017-11-22,42.0
2017-11-23,42.09
2017-11-24,43.05
2017-11-25,43.17
2017-11-26,42.75
2017-11-27,42.7
2017-11-28,42.44
2017-11-29,42.4
2017-11-30,42.31
2017-12-01,42.31
2017-12-02,42.27
2017-12-03,42.4
2017-12-04,42.36
2017-12-05,42.44
2017-12-06,42.09
2017-12-07,42.13
2017-12-08,42.09
2017-12-09,42.13
2017-12-10,42.0
2017-12-11,41.76
2017-12-12,41.09
2017-12-13,41.01
2017-12-14,41.01
2017-12-15,41.04
2017-12-16,41.04
2017-12-17,41.04
2017-12-18,40.96
2017-12-19,40.16
2017-12-20,40.06
2017-12-21,40.15
2017-12-22,39.87
2017-12-23,40.15
2017-12-24,40.46
2017-12-25,40.5
2017-12-26,40.9
2017-12-27,40.95
2017-12-28,41.08
2017-12-29,41.01
2017-12-30,40.98
2017-12-31,41.08
2018-01-01,41.09
2018-01-02,41.01
2018-01-03,41.32
2018-01-04,41.32
2018-01-05,41.32
2018-01-06,41.32
2018-01-07,41.32
2018-01-08,40.75
2018-01-09,41.01
2018-01-10,40.47
2018-01-11,40.41
2018-01-12,40.41
2018-01-13,40.41
2018-01-14,40.29
2018-01-15,40.46
2018-01-16,40.41
2018-01-17,40.16
2018-01-18,40.16
2018-01-19,39.99
2018-01-20,39.99
2018-01-21,39.83
2018-01-22,39.83
2018-01-23,39.91
2018-01-24,39.44
2018-01-25,38.74
2018-01-26,38.48
2018-01-27,38.48
2018-01-28,38.46
2018-01-29,38.46
2018-01-30,38.0
2018-01-31,38.0
2018-02-01,38.44
2018-02-02,38.27
2018-02-03,38.0
2018-02-04,37.99
2018-02-05,37.99
2018-02-06,37.99
2018-02-07,37.99
2018-02-08,37.99
2018-02-09,34.0
