date,Arcbound Ravager value
2010-09-16,13.66
2010-09-19,13.66
2010-09-20,13.66
2010-09-21,13.66
2010-09-22,13.66
2010-09-23,13.66
2010-09-24,13.66
2010-09-25,13.66
2010-09-26,13.66
2010-09-27,13.66
2010-09-28,13.66
2010-09-29,13.66
2010-09-30,13.66
2010-10-01,13.66
2010-10-02,13.66
2010-10-03,13.66
2010-10-04,13.41
2010-10-05,13.66
2010-10-06,13.66
2010-10-07,13.66
2010-10-08,13.66
2010-10-09,13.66
2010-10-10,13.66
2010-10-11,14.31
2010-10-12,13.41
2010-10-13,14.38
2010-10-14,14.38
2010-10-15,14.39
2010-10-16,14.39
2010-10-17,14.41
2010-10-18,14.38
2010-10-19,14.38
2010-10-20,14.38
2010-10-21,13.66
2010-10-22,13.66
2010-10-23,13.66
2010-10-24,13.66
2010-10-25,14.38
2010-10-26,14.38
2010-10-27,14.38
2010-10-28,14.38
2010-10-29,14.38
2010-10-30,15.45
2010-10-31,15.45
2010-11-01,15.39
2010-11-02,15.39
2010-11-03,15.39
2010-11-04,14.49
2010-11-05,15.39
2010-11-06,15.39
2010-11-07,15.39
2010-11-08,15.32
2010-11-09,15.32
2010-11-10,15.32
2010-11-11,15.32
2010-11-12,15.32
2010-11-13,15.32
2010-11-14,15.32
2010-11-15,15.39
2010-11-16,15.39
2010-11-17,15.39
2010-11-18,15.39
2010-11-19,15.39
2010-11-20,15.39
2010-11-21,15.39
2010-11-22,15.39
2010-11-23,15.39
2010-11-24,15.39
2010-11-25,15.39
2010-11-26,15.39
2010-11-27,14.74
2010-11-28,14.74
2010-11-29,14.74
2010-11-30,14.74
2010-12-01,14.74
2010-12-02,14.74
2010-12-03,13.29
2010-12-04,13.77
2010-12-05,13.74
2010-12-06,13.58
2010-12-07,13.46
2010-12-08,13.62
2010-12-09,13.62
2010-12-10,13.62
2010-12-11,13.72
2010-12-12,13.72
2010-12-13,13.55
2010-12-14,13.55
2010-12-15,13.55
2010-12-16,13.55
2010-12-17,13.81
2010-12-18,13.81
2010-12-19,13.81
2010-12-20,13.81
2010-12-21,13.68
2010-12-22,13.51
2010-12-23,13.49
2010-12-24,13.47
2010-12-25,13.47
2010-12-26,13.59
2010-12-27,13.54
2010-12-28,13.65
2010-12-29,13.62
2010-12-30,13.62
2010-12-31,13.65
2011-01-01,13.62
2011-01-02,13.69
2011-01-03,13.69
2011-01-04,13.58
2011-01-05,13.61
2011-01-06,13.61
2011-01-07,13.56
2011-01-08,13.82
2011-01-09,13.81
2011-01-10,13.81
2011-01-11,13.86
2011-01-12,13.72
2011-01-13,13.79
2011-01-14,13.71
2011-01-15,13.83
2011-01-16,14.27
2011-01-17,14.25
2011-01-18,14.14
2011-01-19,14.0
2011-01-20,14.1
2011-01-21,13.85
2011-01-22,13.93
2011-01-23,13.93
2011-01-24,13.87
2011-01-25,13.81
2011-01-26,13.82
2011-01-27,13.81
2011-01-28,13.93
2011-01-29,13.93
2011-01-30,14.12
2011-01-31,14.12
2011-02-01,14.19
2011-02-02,14.12
2011-02-03,14.22
2011-02-04,14.13
2011-02-05,14.13
2011-02-06,14.13
2011-02-07,14.03
2011-02-08,14.04
2011-02-09,14.04
2011-02-10,14.43
2011-02-11,14.33
2011-02-12,14.33
2011-02-13,14.33
2011-02-14,13.77
2011-02-15,13.72
2011-02-16,13.74
2011-02-17,14.09
2011-02-18,13.89
2011-02-19,14.23
2011-02-20,14.42
2011-02-21,14.33
2011-02-22,14.3
2011-02-23,14.4
2011-02-24,14.53
2011-02-25,14.53
2011-02-26,14.53
2011-02-27,14.57
2011-02-28,14.81
2011-03-01,14.83
2011-03-02,14.83
2011-03-03,15.04
2011-03-04,15.12
2011-03-05,15.12
2011-03-06,15.12
2011-03-07,14.88
2011-03-08,14.87
2011-03-09,14.87
2011-03-10,14.87
2011-03-11,14.81
2011-03-12,14.43
2011-03-13,15.32
2011-03-14,15.47
2011-03-15,15.35
2011-03-16,15.29
2011-03-17,15.37
2011-03-18,15.68
2011-03-19,15.81
2011-03-20,34.29
2011-03-21,22.55
2011-03-22,18.25
2011-03-23,20.92
2011-03-24,20.38
2011-03-25,18.26
2011-03-26,17.72
2011-03-27,19.72
2011-03-28,23.15
2011-03-29,23.28
2011-03-30,23.28
2011-03-31,24.66
2011-04-01,24.66
2011-04-02,24.33
2011-04-03,24.33
2011-04-04,22.5
2011-04-05,22.14
2011-04-06,23.29
2011-04-07,22.69
2011-04-08,22.93
2011-04-09,22.93
2011-04-10,21.34
2011-04-11,21.57
2011-04-12,21.65
2011-04-13,21.97
2011-04-14,21.82
2011-04-15,22.11
2011-04-16,22.48
2011-04-17,22.01
2011-04-18,21.76
2011-04-19,21.97
2011-04-20,21.97
2011-04-21,21.97
2011-04-22,21.97
2011-04-23,21.97
2011-04-24,22.18
2011-04-25,22.04
2011-04-29,20.42
2011-04-30,20.42
2011-05-01,20.64
2011-05-02,21.24
2011-05-03,22.31
2011-05-04,22.31
2011-05-05,22.31
2011-05-06,22.38
2011-05-07,22.38
2011-05-08,22.54
2011-05-09,22.46
2011-05-10,22.62
2011-05-11,22.62
2011-05-12,22.64
2011-05-13,22.64
2011-05-14,22.64
2011-05-15,22.52
2011-05-16,22.77
2011-05-17,22.76
2011-05-18,22.65
2011-05-19,23.29
2011-05-20,23.28
2011-05-21,23.28
2011-05-22,23.28
2011-05-23,23.55
2011-05-24,23.2
2011-05-25,23.26
2011-05-26,23.29
2011-05-27,23.43
2011-05-28,23.14
2011-05-29,23.14
2011-05-30,23.14
2011-05-31,23.24
2011-06-01,23.55
2011-06-02,23.51
2011-06-03,23.03
2011-06-04,23.09
2011-06-05,23.34
2011-06-06,23.34
2011-06-07,23.2
2011-06-08,23.2
2011-06-09,23.13
2011-06-10,22.85
2011-06-11,22.74
2011-06-12,22.74
2011-06-13,22.85
2011-06-14,23.24
2011-06-15,23.21
2011-06-16,22.75
2011-06-17,22.77
2011-06-18,22.77
2011-06-19,22.77
2011-06-20,22.76
2011-06-21,22.69
2011-06-22,22.82
2011-06-23,22.3
2011-06-24,22.08
2011-06-25,22.08
2011-06-26,22.17
2011-06-27,22.33
2011-06-28,22.3
2011-06-29,22.29
2011-06-30,22.29
2011-07-01,22.22
2011-07-02,22.22
2011-07-03,22.22
2011-07-04,22.22
2011-07-05,22.38
2011-07-06,22.25
2011-07-07,22.25
2011-07-08,22.25
2011-07-09,22.25
2011-07-10,22.38
2011-07-11,22.35
2011-07-12,22.06
2011-07-13,22.0
2011-07-14,22.0
2011-07-15,22.0
2011-07-16,22.0
2011-07-17,22.0
2011-07-18,22.0
2011-07-19,22.0
2011-07-20,22.0
2011-07-21,22.0
2011-07-22,21.99
2011-07-23,21.98
2011-07-24,21.98
2011-07-25,22.03
2011-07-26,22.05
2011-07-27,21.83
2011-07-28,21.86
2011-07-29,21.82
2011-07-30,21.8
2011-07-31,21.8
2011-08-01,21.77
2011-08-02,21.33
2011-08-03,21.39
2011-08-04,21.27
2011-08-05,21.4
2011-08-06,21.39
2011-08-07,21.43
2011-08-08,21.25
2011-08-09,21.51
2011-08-10,21.35
2011-08-11,21.19
2011-08-12,21.05
2011-08-13,21.18
2011-08-14,21.18
2011-08-15,21.4
2011-08-16,21.45
2011-08-17,21.45
2011-08-18,22.0
2011-08-19,22.15
2011-08-20,22.33
2011-08-21,22.23
2011-08-22,22.62
2011-08-23,22.76
2011-08-24,22.14
2011-08-25,22.27
2011-08-26,22.29
2011-08-27,22.34
2011-08-28,22.41
2011-08-29,22.44
2011-08-30,22.26
2011-08-31,22.13
2011-09-01,22.23
2011-09-02,22.58
2011-09-03,23.01
2011-09-04,23.12
2011-09-05,23.14
2011-09-06,23.28
2011-09-07,23.29
2011-09-08,23.29
2011-09-09,23.4
2011-09-10,23.4
2011-09-11,23.4
2011-09-12,23.37
2011-09-13,22.91
2011-09-14,22.93
2011-09-15,22.93
2011-09-16,23.03
2011-09-17,23.03
2011-09-18,23.17
2011-09-19,22.94
2011-09-20,23.47
2011-09-21,23.94
2011-09-22,24.1
2011-09-23,24.08
2011-09-24,24.08
2011-09-25,23.89
2011-09-26,23.83
2011-09-27,23.82
2011-09-28,23.73
2011-09-29,23.73
2011-09-30,23.73
2011-10-01,23.9
2011-10-02,24.06
2011-10-03,24.06
2011-10-04,24.06
2011-10-05,24.07
2011-10-06,24.13
2011-10-07,24.33
2011-10-09,24.33
2011-10-10,24.25
2011-10-11,24.32
2011-10-12,24.32
2011-10-13,24.3
2011-10-14,24.16
2011-10-15,24.36
2011-10-16,24.28
2011-10-17,24.17
2011-10-18,24.17
2011-10-19,24.07
2011-10-20,24.07
2011-10-21,24.04
2011-10-22,24.04
2011-10-23,24.01
2011-10-24,24.09
2011-10-25,24.09
2011-10-26,24.07
2011-10-27,24.06
2011-10-28,23.99
2011-10-29,23.99
2011-10-30,23.99
2011-10-31,23.9
2011-11-01,23.85
2011-11-02,23.69
2011-11-03,23.64
2011-11-04,23.68
2011-11-05,23.68
2011-11-06,23.68
2011-11-07,23.66
2011-11-08,23.58
2011-11-09,23.55
2011-11-10,23.65
2011-11-11,23.65
2011-11-12,23.65
2011-11-13,23.65
2011-11-14,23.47
2011-11-15,23.47
2011-11-16,23.39
2011-11-17,70.47
2011-11-18,70.47
2011-11-19,70.47
2011-11-20,70.47
2011-11-21,70.4
2011-11-22,23.43
2011-11-23,23.35
2011-11-24,23.23
2011-11-25,23.35
2011-11-26,23.34
2011-11-27,23.12
2011-11-28,23.12
2011-11-29,23.12
2011-11-30,22.96
2011-12-01,22.94
2011-12-02,22.86
2011-12-03,22.87
2011-12-04,22.9
2011-12-05,22.64
2011-12-06,22.7
2011-12-07,22.52
2011-12-08,22.52
2011-12-09,22.45
2011-12-10,22.45
2011-12-11,22.39
2011-12-12,22.33
2011-12-13,22.24
2011-12-14,22.24
2011-12-15,22.07
2011-12-16,21.97
2011-12-17,21.97
2011-12-18,21.96
2011-12-19,22.07
2011-12-20,22.0
2011-12-21,22.0
2011-12-22,22.0
2011-12-23,22.0
2011-12-24,22.0
2011-12-25,22.03
2011-12-26,21.86
2011-12-27,21.74
2011-12-28,21.74
2011-12-29,21.73
2011-12-30,21.6
2011-12-31,21.6
2012-01-01,21.84
2012-01-02,21.22
2012-01-03,20.99
2012-01-04,20.67
2012-01-05,20.63
2012-01-06,20.74
2012-01-07,20.83
2012-01-08,20.83
2012-01-09,20.98
2012-01-10,20.79
2012-01-11,20.83
2012-01-12,20.78
2012-01-13,20.69
2012-01-14,20.71
2012-01-15,20.71
2012-01-16,20.78
2012-01-17,20.83
2012-01-18,20.83
2012-01-19,20.96
2012-01-20,20.98
2012-01-21,20.95
2012-01-22,21.05
2012-01-23,20.93
2012-01-24,20.84
2012-01-25,20.86
2012-01-26,20.86
2012-01-27,20.97
2012-01-28,20.96
2012-01-29,21.11
2012-01-30,21.12
2012-01-31,21.27
2012-02-01,21.26
2012-02-02,21.42
2012-02-03,21.56
2012-02-04,21.4
2012-02-05,21.57
2012-02-06,21.69
2012-02-07,21.9
2012-02-08,22.17
2012-02-09,22.33
2012-02-10,22.26
2012-02-11,22.25
2012-02-12,22.25
2012-02-13,22.24
2012-02-14,22.31
2012-02-15,22.72
2012-02-16,22.51
2012-02-17,22.46
2012-02-18,22.46
2012-02-19,22.46
2012-02-20,22.4
2012-02-21,22.5
2012-02-22,22.67
2012-02-23,22.49
2012-02-24,22.45
2012-02-25,22.56
2012-02-26,22.46
2012-02-27,22.54
2012-02-28,22.87
2012-02-29,22.94
2012-03-01,23.38
2012-03-02,23.0
2012-03-03,22.92
2012-03-04,23.06
2012-03-05,23.28
2012-03-06,23.28
2012-03-07,23.27
2012-03-08,23.27
2012-03-09,23.26
2012-03-10,23.08
2012-03-11,23.11
2012-03-12,23.06
2012-03-13,22.91
2012-03-14,22.98
2012-03-15,23.02
2012-03-16,22.92
2012-03-17,22.92
2012-03-18,22.92
2012-03-19,22.76
2012-03-20,22.79
2012-03-21,22.83
2012-03-22,22.59
2012-03-23,22.59
2012-03-24,22.59
2012-03-25,22.74
2012-03-26,22.73
2012-03-27,22.63
2012-03-28,22.21
2012-03-29,22.26
2012-03-30,22.19
2012-03-31,22.16
2012-04-01,22.16
2012-04-02,22.34
2012-04-03,22.3
2012-04-04,22.33
2012-04-05,22.35
2012-04-06,22.46
2012-04-07,22.54
2012-04-08,22.54
2012-04-09,22.55
2012-04-10,22.5
2012-04-11,22.47
2012-04-12,22.51
2012-04-13,22.51
2012-04-14,22.39
2012-04-15,22.39
2012-04-16,22.38
2012-04-17,22.49
2012-04-18,22.38
2012-04-19,22.36
2012-04-20,22.25
2012-04-21,22.25
2012-04-22,22.24
2012-04-23,22.23
2012-04-24,22.21
2012-04-25,22.14
2012-04-26,22.22
2012-04-27,22.14
2012-04-28,22.14
2012-04-29,22.11
2012-04-30,22.1
2012-05-01,22.09
2012-05-02,22.09
2012-05-03,22.14
2012-05-04,22.1
2012-05-05,22.1
2012-05-06,22.1
2012-05-07,22.1
2012-05-08,22.1
2012-05-09,21.92
2012-05-10,21.92
2012-05-11,21.91
2012-05-12,21.81
2012-05-13,21.81
2012-05-14,21.77
2012-05-15,21.73
2012-05-16,21.77
2012-05-17,21.67
2012-05-18,21.67
2012-05-19,21.77
2012-05-20,21.77
2012-05-21,21.57
2012-05-22,21.59
2012-05-23,21.54
2012-05-24,21.51
2012-05-25,21.45
2012-05-26,21.45
2012-05-27,21.41
2012-05-28,21.39
2012-05-29,21.41
2012-05-30,21.32
2012-05-31,21.35
2012-06-01,21.27
2012-06-02,21.27
2012-06-03,21.27
2012-06-04,21.32
2012-06-05,21.32
2012-06-06,21.25
2012-06-07,21.25
2012-06-08,21.32
2012-06-09,21.32
2012-06-10,21.32
2012-06-11,21.32
2012-06-12,21.32
2012-06-13,21.17
2012-06-14,21.16
2012-06-15,21.13
2012-06-16,21.13
2012-06-17,21.08
2012-06-18,21.15
2012-06-19,21.15
2012-06-20,21.1
2012-06-21,21.1
2012-06-22,21.16
2012-06-23,21.11
2012-06-24,21.11
2012-06-25,21.07
2012-06-26,20.94
2012-06-27,20.91
2012-06-28,20.9
2012-06-29,20.84
2012-06-30,20.87
2012-07-01,20.86
2012-07-02,20.84
2012-07-03,20.75
2012-07-04,20.72
2012-07-05,20.68
2012-07-06,20.71
2012-07-07,20.71
2012-07-08,20.71
2012-07-09,20.65
2012-07-10,20.7
2012-07-11,20.69
2012-07-12,20.61
2012-07-13,20.61
2012-07-14,20.58
2012-07-15,20.54
2012-07-16,20.58
2012-07-17,20.68
2012-07-18,20.61
2012-07-19,20.51
2012-07-20,20.55
2012-07-21,20.53
2012-07-22,20.53
2012-07-23,20.52
2012-07-24,20.51
2012-07-25,20.46
2012-07-26,20.35
2012-07-27,20.33
2012-07-28,20.33
2012-07-29,20.36
2012-07-30,20.37
2012-07-31,20.38
2012-08-01,20.36
2012-08-02,20.29
2012-08-03,20.28
2012-08-04,20.37
2012-08-05,20.4
2012-08-06,20.39
2012-08-07,20.39
2012-08-08,20.2
2012-08-09,20.19
2012-08-10,20.14
2012-08-11,20.1
2012-08-12,20.1
2012-08-13,20.02
2012-08-14,20.01
2012-08-15,19.96
2012-08-16,20.01
2012-08-17,20.12
2012-08-18,20.11
2012-08-19,20.05
2012-08-20,20.05
2012-08-21,20.1
2012-08-22,20.22
2012-08-23,20.22
2012-08-24,20.16
2012-08-25,20.16
2012-08-26,20.13
2012-08-27,20.13
2012-08-28,20.13
2012-08-29,20.13
2012-08-30,20.13
2012-08-31,20.13
2012-09-01,20.13
2012-09-02,20.13
2012-09-03,20.13
2012-09-04,20.38
2012-09-05,20.27
2012-09-06,20.26
2012-09-07,20.38
2012-09-08,20.32
2012-09-09,20.4
2012-09-10,20.39
2012-09-11,20.43
2012-09-12,20.32
2012-09-13,20.25
2012-09-14,20.25
2012-09-15,20.15
2012-09-16,20.15
2012-09-17,20.12
2012-09-18,20.12
2012-09-19,20.12
2012-09-20,20.07
2012-09-21,20.06
2012-09-22,20.06
2012-09-23,20.06
2012-09-24,20.04
2012-09-25,20.08
2012-09-26,20.11
2012-09-27,20.11
2012-09-28,20.27
2012-09-29,20.27
2012-09-30,20.27
2012-10-01,20.27
2012-10-02,20.27
2012-10-03,20.22
2012-10-04,20.32
2012-10-05,20.33
2012-10-06,20.3
2012-10-07,20.3
2012-10-08,20.26
2012-10-09,20.32
2012-10-10,20.28
2012-10-11,20.29
2012-10-12,20.3
2012-10-13,20.3
2012-10-14,20.37
2012-10-15,20.32
2012-10-16,20.14
2012-10-17,20.07
2012-10-18,19.97
2012-10-19,20.02
2012-10-20,19.99
2012-10-21,19.94
2012-10-22,19.94
2012-10-23,19.92
2012-10-24,20.01
2012-10-25,20.01
2012-10-26,20.04
2012-10-27,20.03
2012-10-28,20.03
2012-10-29,20.05
2012-10-30,20.14
2012-10-31,20.09
2012-11-01,20.15
2012-11-02,20.13
2012-11-03,20.16
2012-11-04,20.11
2012-11-05,20.08
2012-11-06,20.15
2012-11-07,20.12
2012-11-08,20.2
2012-11-09,20.25
2012-11-10,20.38
2012-11-11,20.28
2012-11-12,20.17
2012-11-13,20.28
2012-11-14,20.22
2012-11-15,20.29
2012-11-16,20.35
2012-11-17,20.2
2012-11-18,20.21
2012-11-19,20.07
2012-11-20,20.29
2012-11-21,20.24
2012-11-22,20.18
2012-11-23,20.45
2012-11-24,20.46
2012-11-25,20.59
2012-11-26,20.59
2012-11-27,20.52
2012-11-28,20.43
2012-11-29,20.46
2012-11-30,20.47
2012-12-01,20.47
2012-12-02,20.55
2012-12-03,20.47
2012-12-04,20.55
2012-12-05,20.48
2012-12-06,20.56
2012-12-07,20.55
2012-12-08,20.59
2012-12-09,20.53
2012-12-10,20.52
2012-12-11,20.52
2012-12-12,20.55
2012-12-13,20.57
2012-12-14,20.55
2012-12-15,20.51
2012-12-16,20.64
2012-12-17,20.75
2012-12-18,20.84
2012-12-19,20.84
2012-12-20,20.82
2012-12-21,20.81
2012-12-22,20.91
2012-12-23,20.92
2012-12-24,20.92
2012-12-25,20.9
2012-12-26,21.08
2012-12-27,21.21
2012-12-28,21.23
2012-12-29,21.4
2012-12-30,21.46
2012-12-31,21.39
2013-01-01,21.72
2013-01-02,21.77
2013-01-03,21.7
2013-01-04,21.8
2013-01-05,21.82
2013-01-06,21.9
2013-01-07,22.2
2013-01-08,22.22
2013-01-09,22.17
2013-01-10,22.14
2013-01-11,22.2
2013-01-12,22.41
2013-01-13,22.52
2013-01-14,22.93
2013-01-15,22.93
2013-01-16,23.19
2013-01-17,23.56
2013-01-18,23.94
2013-01-19,23.96
2013-01-20,24.08
2013-01-21,24.38
2013-01-22,24.38
2013-01-23,24.46
2013-01-24,24.31
2013-01-25,24.27
2013-01-26,24.27
2013-01-27,24.11
2013-01-28,24.24
2013-01-29,24.73
2013-01-30,24.65
2013-01-31,24.72
2013-02-01,24.72
2013-02-02,24.73
2013-02-03,24.68
2013-02-04,24.46
2013-02-05,24.47
2013-02-06,24.38
2013-02-07,24.32
2013-02-08,24.24
2013-02-09,24.22
2013-02-10,24.3
2013-02-11,24.51
2013-02-12,24.54
2013-02-13,24.4
2013-02-14,24.39
2013-02-15,24.39
2013-02-16,24.53
2013-02-17,24.54
2013-02-18,24.42
2013-02-19,24.45
2013-02-20,24.45
2013-02-21,24.45
2013-02-22,24.58
2013-02-23,24.81
2013-02-24,24.89
2013-02-25,24.88
2013-02-26,24.88
2013-02-27,24.81
2013-02-28,24.81
2013-03-01,24.81
2013-03-02,24.81
2013-03-03,24.81
2013-03-04,24.96
2013-03-05,24.88
2013-03-06,25.0
2013-03-07,25.06
2013-03-08,24.65
2013-03-09,24.65
2013-03-10,24.65
2013-03-11,24.69
2013-03-12,24.84
2013-03-13,24.98
2013-03-14,24.98
2013-03-15,24.97
2013-03-16,24.98
2013-03-17,24.97
2013-03-18,24.98
2013-03-19,24.95
2013-03-20,24.97
2013-03-21,24.98
2013-03-22,24.98
2013-03-23,24.98
2013-03-24,24.99
2013-03-25,24.99
2013-03-26,24.98
2013-03-27,24.99
2013-03-28,24.99
2013-03-29,24.99
2013-03-30,24.99
2013-03-31,24.99
2013-04-01,24.99
2013-04-02,24.99
2013-04-03,24.99
2013-04-04,24.98
2013-04-05,24.98
2013-04-06,24.98
2013-04-07,24.98
2013-04-08,24.98
2013-04-09,24.98
2013-04-10,24.98
2013-04-11,24.98
2013-04-12,24.98
2013-04-13,24.96
2013-04-14,24.81
2013-04-15,24.96
2013-04-16,24.96
2013-04-17,24.94
2013-04-18,24.98
2013-04-19,24.98
2013-04-20,24.98
2013-04-21,24.99
2013-04-22,24.98
2013-04-23,24.95
2013-04-24,24.93
2013-04-25,24.5
2013-04-26,24.5
2013-04-27,24.49
2013-04-28,24.49
2013-04-29,24.49
2013-04-30,24.5
2013-05-01,24.47
2013-05-02,24.47
2013-05-03,24.47
2013-05-04,24.5
2013-05-05,24.55
2013-05-06,24.5
2013-05-07,24.49
2013-05-08,24.29
2013-05-09,24.09
2013-05-10,24.0
2013-05-11,23.99
2013-05-12,24.0
2013-05-13,24.0
2013-05-14,24.25
2013-05-15,23.99
2013-05-16,23.99
2013-05-17,23.99
2013-05-18,24.0
2013-05-19,24.0
2013-05-20,24.03
2013-05-21,24.26
2013-05-22,24.0
2013-05-23,24.0
2013-05-24,23.78
2013-05-25,23.74
2013-05-26,23.74
2013-05-27,23.72
2013-05-28,23.7
2013-05-29,23.43
2013-05-30,23.43
2013-05-31,23.46
2013-06-01,23.12
2013-06-02,23.12
2013-06-03,22.99
2013-06-04,22.57
2013-06-05,22.46
2013-06-06,22.46
2013-06-07,22.14
2013-06-08,22.07
2013-06-09,22.0
2013-06-10,21.96
2013-06-11,21.96
2013-06-12,21.61
2013-06-13,21.53
2013-06-14,21.51
2013-06-15,21.38
2013-06-16,21.38
2013-06-17,21.1
2013-06-18,20.96
2013-06-19,20.83
2013-06-20,20.65
2013-06-21,20.62
2013-06-22,20.75
2013-06-23,20.87
2013-06-24,20.87
2013-06-25,20.98
2013-06-26,21.09
2013-06-27,21.01
2013-06-28,20.89
2013-06-29,20.89
2013-06-30,20.88
2013-07-01,20.8
2013-07-02,20.76
2013-07-03,20.78
2013-07-04,20.64
2013-07-05,20.52
2013-07-06,20.65
2013-07-07,20.64
2013-07-08,20.65
2013-07-09,20.65
2013-07-10,20.68
2013-07-11,20.7
2013-07-12,20.73
2013-07-13,20.89
2013-07-14,20.79
2013-07-15,20.73
2013-07-16,20.67
2013-07-17,20.61
2013-07-18,20.86
2013-07-19,20.84
2013-07-20,20.84
2013-07-21,20.73
2013-07-22,20.7
2013-07-23,20.7
2013-07-24,20.73
2013-07-25,20.83
2013-07-26,20.8
2013-07-27,20.7
2013-07-28,20.76
2013-07-29,20.79
2013-07-30,20.68
2013-07-31,20.71
2013-08-01,20.63
2013-08-02,20.67
2013-08-03,20.68
2013-08-04,20.66
2013-08-05,20.52
2013-08-06,20.5
2013-08-07,20.42
2013-08-08,20.31
2013-08-09,20.29
2013-08-10,20.22
2013-08-11,20.22
2013-08-12,20.24
2013-08-13,20.23
2013-08-14,20.09
2013-08-15,20.16
2013-08-16,20.15
2013-08-17,20.25
2013-08-18,20.3
2013-08-19,20.22
2013-08-20,20.21
2013-08-21,20.16
2013-08-22,20.11
2013-08-23,19.92
2013-08-24,19.86
2013-08-25,19.87
2013-08-26,19.8
2013-08-27,19.78
2013-08-28,19.7
2013-08-29,19.72
2013-08-30,19.72
2013-08-31,19.74
2013-09-01,19.72
2013-09-02,19.59
2013-09-03,19.56
2013-09-05,19.44
2013-09-06,19.39
2013-09-07,19.39
2013-09-08,19.34
2013-09-09,19.37
2013-09-10,19.41
2013-09-11,19.16
2013-09-12,18.98
2013-09-13,18.99
2013-09-14,19.01
2013-09-15,18.97
2013-09-16,18.78
2013-09-17,18.72
2013-09-18,18.68
2013-09-19,18.6
2013-09-20,18.51
2013-09-21,18.38
2013-09-22,18.36
2013-09-23,18.36
2013-09-24,18.26
2013-09-25,18.22
2013-09-26,18.2
2013-09-27,18.23
2013-09-28,18.17
2013-09-29,18.21
2013-09-30,18.18
2013-10-01,17.99
2013-10-02,17.98
2013-10-03,17.98
2013-10-04,18.01
2013-10-05,17.95
2013-10-06,17.87
2013-10-07,17.86
2013-10-08,17.91
2013-10-09,17.92
2013-10-10,17.93
2013-10-11,17.94
2013-10-12,17.86
2013-10-13,17.76
2013-10-14,17.78
2013-10-15,17.77
2013-10-16,17.75
2013-10-17,17.74
2013-10-18,17.54
2013-10-19,17.47
2013-10-20,17.4
2013-10-21,17.41
2013-10-22,17.34
2013-10-23,17.42
2013-10-24,17.43
2013-10-25,17.37
2013-10-26,17.34
2013-10-27,17.42
2013-10-28,17.44
2013-10-29,17.35
2013-10-30,17.35
2013-10-31,17.31
2013-11-01,17.1
2013-11-02,17.1
2013-11-03,17.04
2013-11-04,17.03
2013-11-05,17.0
2013-11-06,17.14
2013-11-07,17.11
2013-11-08,17.05
2013-11-09,16.99
2013-11-10,16.99
2013-11-11,16.84
2013-11-12,16.84
2013-11-13,16.7
2013-11-14,16.67
2013-11-15,16.52
2013-11-16,16.55
2013-11-17,16.45
2013-11-18,16.45
2013-11-19,16.41
2013-11-20,16.43
2013-11-21,16.39
2013-11-22,16.29
2013-11-23,16.28
2013-11-24,16.27
2013-11-25,16.28
2013-11-26,16.21
2013-11-27,16.16
2013-11-28,16.16
2013-11-29,16.14
2013-11-30,16.16
2013-12-01,16.2
2013-12-02,16.21
2013-12-03,16.12
2013-12-04,16.1
2013-12-05,16.06
2013-12-06,16.14
2013-12-07,15.98
2013-12-08,15.98
2013-12-09,16.0
2013-12-10,16.08
2013-12-11,16.13
2013-12-12,15.9
2013-12-13,15.91
2013-12-14,15.92
2013-12-16,15.92
2013-12-17,15.94
2013-12-18,15.92
2013-12-19,15.98
2013-12-20,15.97
2013-12-21,15.88
2013-12-22,15.88
2013-12-23,15.86
2013-12-24,15.77
2013-12-25,15.74
2013-12-26,15.76
2013-12-27,15.82
2013-12-28,15.87
2013-12-29,15.88
2013-12-30,15.73
2013-12-31,15.78
2014-01-01,15.88
2014-01-02,15.79
2014-01-03,15.86
2014-01-04,15.84
2014-01-05,15.81
2014-01-06,15.79
2014-01-07,15.86
2014-01-08,15.88
2014-01-09,15.93
2014-01-10,15.87
2014-01-11,15.87
2014-01-12,15.78
2014-01-13,15.8
2014-01-14,15.79
2014-01-15,15.77
2014-01-16,15.79
2014-01-17,15.55
2014-01-18,15.56
2014-01-19,15.39
2014-01-20,15.43
2014-01-21,15.44
2014-01-22,15.44
2014-01-23,15.43
2014-01-24,15.6
2014-01-25,15.59
2014-01-26,15.52
2014-01-27,15.52
2014-01-28,15.39
2014-01-29,15.39
2014-01-30,15.38
2014-01-31,15.32
2014-02-01,15.33
2014-02-02,15.2
2014-02-03,15.29
2014-02-04,15.34
2014-02-05,15.39
2014-02-06,15.35
2014-02-07,15.42
2014-02-08,15.39
2014-02-09,14.99
2014-02-10,14.86
2014-02-11,14.93
2014-02-12,14.99
2014-02-13,14.99
2014-02-14,14.99
2014-02-15,14.99
2014-02-16,14.98
2014-02-17,14.98
2014-02-18,14.83
2014-02-19,14.83
2014-02-20,14.9
2014-02-21,14.9
2014-02-22,14.81
2014-02-23,14.83
2014-02-24,14.97
2014-02-25,14.99
2014-02-26,14.99
2014-02-27,15.0
2014-02-28,15.12
2014-03-01,15.13
2014-03-02,15.12
2014-03-03,15.15
2014-03-04,15.18
2014-03-05,15.53
2014-03-06,15.44
2014-03-07,15.59
2014-03-08,15.35
2014-03-09,15.2
2014-03-10,16.31
2014-03-11,16.94
2014-03-12,17.03
2014-03-13,18.59
2014-03-14,18.66
2014-03-15,19.04
2014-03-16,19.08
2014-03-17,19.17
2014-03-18,19.95
2014-03-19,19.99
2014-03-20,19.99
2014-03-21,20.29
2014-03-22,20.9
2014-03-23,20.99
2014-03-24,20.99
2014-03-25,21.19
2014-03-26,21.75
2014-03-27,21.75
2014-03-28,21.75
2014-03-29,21.4
2014-03-30,22.25
2014-03-31,22.25
2014-04-01,22.25
2014-04-02,22.49
2014-04-03,22.49
2014-04-04,22.75
2014-04-05,22.62
2014-04-06,22.75
2014-04-07,22.62
2014-04-08,22.49
2014-04-09,22.49
2014-04-10,22.49
2014-04-11,22.49
2014-04-12,21.92
2014-04-13,21.84
2014-04-14,21.84
2014-04-15,21.83
2014-04-16,21.84
2014-04-17,21.72
2014-04-18,21.61
2014-04-19,21.58
2014-04-20,21.58
2014-04-21,21.59
2014-04-22,21.61
2014-04-23,21.59
2014-04-24,21.61
2014-04-25,21.84
2014-04-26,21.84
2014-04-27,21.84
2014-04-28,21.99
2014-04-29,21.99
2014-04-30,21.92
2014-05-01,21.99
2014-05-02,21.92
2014-05-03,21.99
2014-05-04,21.99
2014-05-05,21.91
2014-05-06,21.99
2014-05-07,21.99
2014-05-08,21.99
2014-05-09,21.91
2014-05-11,21.83
2014-05-12,21.75
2014-05-13,21.61
2014-05-14,21.56
2014-05-15,21.49
2014-05-16,21.49
2014-05-17,21.56
2014-05-18,21.49
2014-05-20,21.28
2014-05-21,21.04
2014-05-22,21.25
2014-05-23,20.9
2014-05-24,20.9
2014-05-25,20.95
2014-05-26,20.9
2014-05-27,20.9
2014-05-28,20.87
2014-05-29,20.63
2014-05-30,20.85
2014-05-31,20.65
2014-06-01,20.76
2014-06-02,20.95
2014-06-03,20.67
2014-06-04,20.8
2014-06-05,20.89
2014-06-06,21.0
2014-06-07,21.0
2014-06-08,21.0
2014-06-09,21.0
2014-06-10,21.04
2014-06-11,21.0
2014-06-12,20.99
2014-06-13,20.99
2014-06-14,21.0
2014-06-15,21.0
2014-06-16,20.99
2014-06-17,21.08
2014-06-18,20.99
2014-06-19,20.95
2014-06-20,20.9
2014-06-21,20.9
2014-06-22,20.9
2014-06-23,20.85
2014-06-25,20.87
2014-06-26,20.87
2014-06-27,20.89
2014-06-28,20.85
2014-06-29,20.85
2014-06-30,20.85
2014-07-01,20.84
2014-07-02,21.12
2014-07-03,21.15
2014-07-04,21.16
2014-07-05,21.19
2014-07-06,21.22
2014-07-07,21.33
2014-07-08,21.49
2014-07-09,21.49
2014-07-11,21.29
2014-07-12,21.49
2014-07-13,21.49
2014-07-14,21.45
2014-07-15,21.27
2014-07-16,21.27
2014-07-17,21.23
2014-07-19,21.16
2014-07-20,21.19
2014-07-21,21.24
2014-07-22,21.29
2014-07-23,21.29
2014-07-24,20.93
2014-07-25,20.95
2014-07-26,20.9
2014-07-27,20.9
2014-07-28,20.9
2014-07-29,20.9
2014-07-30,21.14
2014-07-31,21.31
2014-08-01,21.31
2014-08-02,21.37
2014-08-03,21.37
2014-08-04,21.41
2014-08-05,21.41
2014-08-06,21.49
2014-08-07,21.45
2014-08-08,21.49
2014-08-09,21.45
2014-08-10,21.41
2014-08-11,21.41
2014-08-12,21.45
2014-08-13,21.35
2014-08-14,21.35
2014-08-15,21.24
2014-08-16,21.24
2014-08-17,21.24
2014-08-18,21.41
2014-08-19,21.41
2014-08-20,21.41
2014-08-21,21.41
2014-08-22,21.46
2014-08-23,21.49
2014-08-24,21.49
2014-08-25,21.49
2014-08-26,21.49
2014-08-27,21.45
2014-08-28,21.41
2014-08-29,21.42
2014-08-30,21.46
2014-08-31,21.49
2014-09-01,21.49
2014-09-02,21.49
2014-09-03,21.45
2014-09-04,21.29
2014-09-05,21.09
2014-09-06,21.35
2014-09-07,21.29
2014-09-08,21.25
2014-09-09,21.16
2014-09-10,21.2
2014-09-11,21.29
2014-09-12,21.19
2014-09-13,21.29
2014-09-14,21.29
2014-09-15,21.09
2014-09-16,21.16
2014-09-17,20.98
2014-09-18,20.93
2014-09-19,20.92
2014-09-20,20.91
2014-09-21,20.92
2014-09-22,20.9
2014-09-23,20.85
2014-09-24,20.88
2014-09-25,20.93
2014-09-26,20.95
2014-09-27,20.96
2014-09-28,20.93
2014-09-29,20.94
2014-09-30,20.96
2014-10-01,20.96
2014-10-02,20.93
2014-10-03,20.92
2014-10-04,20.85
2014-10-05,20.85
2014-10-06,20.85
2014-10-07,20.83
2014-10-08,20.71
2014-10-10,20.29
2014-10-11,20.52
2014-10-12,20.68
2014-10-13,20.52
2014-10-14,20.45
2014-10-15,20.45
2014-10-16,20.27
2014-10-17,20.28
2014-10-18,20.2
2014-10-19,20.2
2014-10-20,20.2
2014-10-21,20.18
2014-10-22,20.06
2014-10-23,20.0
2014-10-24,20.07
2014-10-25,20.07
2014-10-26,20.02
2014-10-27,20.02
2014-10-28,20.0
2014-10-29,19.99
2014-10-30,19.99
2014-10-31,19.98
2014-11-01,19.79
2014-11-02,19.79
2014-11-03,19.79
2014-11-04,19.79
2014-11-05,19.5
2014-11-06,19.5
2014-11-07,19.5
2014-11-08,19.64
2014-11-09,19.46
2014-11-10,19.41
2014-11-11,19.39
2014-11-12,19.47
2014-11-13,19.3
2014-11-14,19.3
2014-11-15,19.15
2014-11-16,19.19
2014-11-17,19.01
2014-11-18,19.01
2014-11-19,19.01
2014-11-20,19.01
2014-11-21,19.01
2014-11-22,19.0
2014-11-23,19.0
2014-11-24,19.17
2014-11-25,19.0
2014-11-26,19.0
2014-11-27,18.99
2014-11-28,18.99
2014-11-29,19.09
2014-11-30,19.09
2014-12-01,19.17
2014-12-02,19.22
2014-12-03,19.0
2014-12-04,19.0
2014-12-05,18.99
2014-12-06,18.99
2014-12-07,18.99
2014-12-08,18.99
2014-12-09,18.99
2014-12-10,18.95
2014-12-11,18.74
2014-12-12,18.74
2014-12-13,18.74
2014-12-14,18.74
2014-12-15,18.74
2014-12-16,18.72
2014-12-17,18.72
2014-12-18,18.74
2014-12-19,18.69
2014-12-20,18.69
2014-12-21,18.69
2014-12-22,18.52
2014-12-23,18.58
2014-12-24,18.21
2014-12-25,18.09
2014-12-26,18.21
2014-12-27,18.52
2014-12-28,18.47
2014-12-29,18.47
2014-12-30,18.4
2014-12-31,18.4
2015-01-01,18.19
2015-01-02,18.19
2015-01-03,18.19
2015-01-04,18.11
2015-01-05,18.11
2015-01-06,18.11
2015-01-07,18.06
2015-01-08,18.01
2015-01-09,18.0
2015-01-10,18.0
2015-01-11,18.01
2015-01-12,18.01
2015-01-13,18.03
2015-01-14,18.0
2015-01-15,18.0
2015-01-16,18.0
2015-01-17,18.0
2015-01-18,18.0
2015-01-19,18.01
2015-01-20,18.13
2015-01-21,18.24
2015-01-22,18.25
2015-01-23,18.24
2015-01-24,18.12
2015-01-25,18.25
2015-01-26,18.21
2015-01-27,18.26
2015-01-28,18.44
2015-01-29,18.45
2015-01-30,18.42
2015-01-31,18.69
2015-02-01,18.69
2015-02-02,18.69
2015-02-03,18.76
2015-02-04,18.87
2015-02-05,18.76
2015-02-06,18.73
2015-02-07,18.69
2015-02-08,18.68
2015-02-09,18.69
2015-02-10,18.76
2015-02-11,18.89
2015-02-12,18.87
2015-02-13,18.76
2015-02-14,18.8
2015-02-15,18.76
2015-02-16,18.76
2015-02-17,18.76
2015-02-18,18.87
2015-02-19,18.82
2015-02-20,18.67
2015-02-21,18.3
2015-02-22,18.49
2015-02-23,18.72
2015-02-24,18.72
2015-02-25,18.77
2015-02-26,18.76
2015-02-27,18.76
2015-02-28,18.82
2015-03-01,18.89
2015-03-02,18.89
2015-03-03,18.9
2015-03-04,18.9
2015-03-05,18.89
2015-03-06,18.89
2015-03-07,18.89
2015-03-08,18.88
2015-03-09,18.88
2015-03-10,18.87
2015-03-11,18.61
2015-03-12,18.82
2015-03-13,18.82
2015-03-14,18.63
2015-03-15,18.88
2015-03-16,18.88
2015-03-17,18.87
2015-03-18,18.82
2015-03-19,18.82
2015-03-20,18.82
2015-03-21,18.88
2015-03-22,18.88
2015-03-23,18.88
2015-03-24,18.88
2015-03-25,18.88
2015-03-26,18.9
2015-03-27,18.91
2015-03-28,18.87
2015-03-29,18.86
2015-03-30,18.87
2015-03-31,18.86
2015-04-01,18.76
2015-04-02,18.58
2015-04-03,18.81
2015-04-04,18.86
2015-04-05,18.67
2015-04-06,18.72
2015-04-07,18.63
2015-04-08,18.63
2015-04-09,18.63
2015-04-10,18.85
2015-04-11,18.81
2015-04-12,18.67
2015-04-13,18.49
2015-04-14,18.49
2015-04-15,18.49
2015-04-16,18.49
2015-04-17,18.49
2015-04-18,18.61
2015-04-19,18.55
2015-04-20,18.49
2015-04-21,18.49
2015-04-22,18.31
2015-04-23,18.49
2015-04-24,18.49
2015-04-25,18.49
2015-04-26,18.49
2015-04-27,18.4
2015-04-28,18.49
2015-04-29,18.49
2015-04-30,18.49
2015-05-01,18.49
2015-05-02,18.49
2015-05-03,18.49
2015-05-04,18.71
2015-05-05,18.74
2015-05-06,18.71
2015-05-07,18.82
2015-05-08,18.94
2015-05-09,18.94
2015-05-10,18.99
2015-05-11,19.03
2015-05-12,19.12
2015-05-13,19.49
2015-05-14,19.43
2015-05-15,19.4
2015-05-16,19.46
2015-05-17,19.48
2015-05-18,19.49
2015-05-19,19.43
2015-05-20,19.53
2015-05-21,19.7
2015-05-22,19.73
2015-05-23,19.78
2015-05-24,19.79
2015-05-25,19.92
2015-05-26,19.92
2015-05-27,19.94
2015-05-28,19.97
2015-05-29,19.99
2015-05-30,19.99
2015-05-31,20.46
2015-06-01,20.62
2015-06-02,20.63
2015-06-03,20.59
2015-06-04,20.89
2015-06-05,21.46
2015-06-06,21.48
2015-06-07,21.49
2015-06-08,22.2
2015-06-09,22.27
2015-06-10,23.27
2015-06-11,24.62
2015-06-12,25.44
2015-06-13,25.54
2015-06-14,25.64
2015-06-15,25.64
2015-06-16,25.63
2015-06-17,24.9
2015-06-18,25.99
2015-06-19,26.44
2015-06-20,26.71
2015-06-21,26.0
2015-06-22,26.99
2015-06-23,26.99
2015-06-24,26.15
2015-06-25,26.57
2015-06-26,27.81
2015-06-27,28.0
2015-06-28,29.73
2015-06-29,29.73
2015-06-30,32.03
2015-07-01,29.2
2015-07-02,26.95
2015-07-03,31.5
2015-07-04,31.5
2015-07-05,30.59
2015-07-06,48.7
2015-07-07,48.0
2015-07-08,43.99
2015-07-09,43.74
2015-07-10,42.81
2015-07-11,43.74
2015-07-12,43.0
2015-07-13,42.88
2015-07-14,42.89
2015-07-15,42.9
2015-07-16,42.88
2015-07-17,42.81
2015-07-18,42.74
2015-07-19,42.74
2015-07-20,42.89
2015-07-21,42.74
2015-07-22,42.82
2015-07-23,42.74
2015-07-24,42.74
2015-07-25,42.74
2015-07-26,42.74
2015-07-27,42.0
2015-07-28,42.74
2015-07-29,42.74
2015-07-30,42.39
2015-07-31,42.0
2015-08-01,42.74
2015-08-02,42.9
2015-08-03,43.2
2015-08-04,43.9
2015-08-05,43.9
2015-08-06,43.9
2015-08-07,43.7
2015-08-08,43.7
2015-08-09,43.37
2015-08-10,43.37
2015-08-11,43.86
2015-08-12,43.9
2015-08-13,43.9
2015-08-14,43.93
2015-08-15,43.95
2015-08-16,43.93
2015-08-17,43.93
2015-08-18,43.97
2015-08-19,43.99
2015-08-20,44.26
2015-08-21,44.81
2015-08-22,44.81
2015-08-23,44.98
2015-08-24,44.98
2015-08-25,44.98
2015-08-26,45.0
2015-08-27,45.07
2015-08-28,45.16
2015-08-29,45.13
2015-08-30,45.15
2015-08-31,45.13
2015-09-01,44.26
2015-09-02,44.08
2015-09-03,43.99
2015-09-04,43.93
2015-09-05,43.95
2015-09-06,43.97
2015-09-07,43.99
2015-09-08,43.97
2015-09-09,43.93
2015-09-10,43.95
2015-09-11,43.97
2015-09-12,43.95
2015-09-13,43.9
2015-09-14,43.2
2015-09-15,43.69
2015-09-16,43.89
2015-09-17,43.89
2015-09-18,43.69
2015-09-19,43.9
2015-09-20,43.9
2015-09-21,43.93
2015-09-22,43.97
2015-09-23,43.93
2015-09-24,43.86
2015-09-25,43.93
2015-09-26,43.93
2015-09-27,43.93
2015-09-28,43.93
2015-09-29,43.9
2015-09-30,43.95
2015-10-01,44.32
2015-10-02,44.83
2015-10-03,44.65
2015-10-04,44.65
2015-10-05,44.01
2015-10-06,43.99
2015-10-07,44.04
2015-10-08,43.99
2015-10-09,43.99
2015-10-10,43.99
2015-10-11,44.78
2015-10-12,45.0
2015-10-13,45.07
2015-10-14,45.0
2015-10-15,44.83
2015-10-16,45.45
2015-10-17,45.45
2015-10-18,45.69
2015-10-19,45.79
2015-10-20,45.0
2015-10-21,44.09
2015-10-22,44.09
2015-10-23,44.65
2015-10-24,44.83
2015-10-25,45.0
2015-10-26,44.83
2015-10-27,44.83
2015-10-28,44.37
2015-10-29,44.55
2015-10-30,44.65
2015-10-31,44.09
2015-11-01,44.65
2015-11-02,44.45
2015-11-03,44.09
2015-11-04,44.37
2015-11-05,44.37
2015-11-06,44.37
2015-11-07,45.0
2015-11-08,45.0
2015-11-09,45.0
2015-11-10,45.0
2015-11-11,45.27
2015-11-12,45.54
2015-11-13,45.1
2015-11-14,44.78
2015-11-15,45.69
2015-11-16,45.62
2015-11-17,45.36
2015-11-18,45.54
2015-11-19,45.62
2015-11-20,45.28
2015-11-21,45.54
2015-11-22,45.54
2015-11-23,45.83
2015-11-24,45.62
2015-11-25,45.62
2015-11-26,45.75
2015-11-27,45.1
2015-11-28,45.57
2015-11-29,45.57
2015-11-30,43.79
2015-12-01,45.23
2015-12-02,45.23
2015-12-03,45.54
2015-12-04,45.5
2015-12-05,45.75
2015-12-06,46.65
2015-12-07,45.54
2015-12-08,45.96
2015-12-09,46.65
2015-12-10,46.48
2015-12-11,45.96
2015-12-12,46.04
2015-12-13,46.04
2015-12-14,47.26
2015-12-15,47.26
2015-12-16,47.31
2015-12-17,47.26
2015-12-18,47.19
2015-12-19,47.13
2015-12-20,47.01
2015-12-21,46.87
2015-12-22,46.59
2015-12-23,46.58
2015-12-24,46.58
2015-12-25,46.55
2015-12-26,46.79
2015-12-27,47.02
2015-12-28,47.45
2015-12-29,47.95
2015-12-30,47.97
2015-12-31,47.99
2016-01-01,48.44
2016-01-02,48.44
2016-01-03,48.86
2016-01-04,49.06
2016-01-05,49.12
2016-01-06,49.18
2016-01-07,49.68
2016-01-08,49.95
2016-01-09,49.95
2016-01-10,49.95
2016-01-11,49.95
2016-01-12,50.24
2016-01-13,50.19
2016-01-14,50.17
2016-01-15,50.17
2016-01-16,50.29
2016-01-17,50.77
2016-01-18,51.49
2016-01-19,51.19
2016-01-20,51.14
2016-01-21,51.49
2016-01-22,51.26
2016-01-23,51.45
2016-01-24,51.51
2016-01-25,51.45
2016-01-26,51.44
2016-01-27,51.44
2016-01-28,51.43
2016-01-29,52.93
2016-01-30,52.44
2016-01-31,52.93
2016-02-01,53.49
2016-02-02,52.93
2016-02-03,53.47
2016-02-04,51.88
2016-02-05,52.93
2016-02-06,52.38
2016-02-07,52.22
2016-02-08,53.76
2016-02-09,54.5
2016-02-10,54.4
2016-02-11,54.3
2016-02-12,54.5
2016-02-13,54.5
2016-02-14,54.75
2016-02-15,55.11
2016-02-16,55.08
2016-02-17,55.86
2016-02-18,55.04
2016-02-19,55.08
2016-02-20,55.11
2016-02-21,55.1
2016-02-22,55.1
2016-02-23,55.8
2016-02-24,55.81
2016-02-25,55.11
2016-02-26,55.24
2016-02-27,55.24
2016-02-28,55.86
2016-02-29,55.86
2016-03-01,55.52
2016-03-02,55.95
2016-03-03,55.95
2016-03-04,55.87
2016-03-05,55.95
2016-03-06,54.97
2016-03-07,54.97
2016-03-08,54.13
2016-03-09,54.13
2016-03-10,55.39
2016-03-11,55.39
2016-03-12,54.09
2016-03-13,54.13
2016-03-14,54.13
2016-03-15,54.54
2016-03-16,54.95
2016-03-17,54.97
2016-03-18,54.99
2016-03-19,54.99
2016-03-20,55.31
2016-03-21,54.99
2016-03-22,54.99
2016-03-23,54.99
2016-03-24,54.98
2016-03-25,54.98
2016-03-26,54.75
2016-03-27,54.4
2016-03-28,54.03
2016-03-29,54.03
2016-03-30,54.22
2016-03-31,54.23
2016-04-01,54.97
2016-04-02,54.99
2016-04-03,54.99
2016-04-04,55.31
2016-04-05,54.95
2016-04-06,54.98
2016-04-07,54.98
2016-04-08,54.97
2016-04-09,54.97
2016-04-10,54.98
2016-04-11,55.06
2016-04-12,55.19
2016-04-13,55.03
2016-04-14,55.19
2016-04-15,55.49
2016-04-16,54.99
2016-04-17,54.98
2016-04-18,54.99
2016-04-19,55.15
2016-04-20,54.98
2016-04-21,54.95
2016-04-22,54.99
2016-04-23,55.31
2016-04-24,54.99
2016-04-25,54.99
2016-04-26,54.95
2016-04-27,54.97
2016-04-28,54.18
2016-04-29,54.12
2016-04-30,54.05
2016-05-01,54.05
2016-05-02,53.99
2016-05-03,54.05
2016-05-04,53.99
2016-05-05,53.97
2016-05-06,53.99
2016-05-07,53.95
2016-05-08,53.95
2016-05-09,53.95
2016-05-10,53.95
2016-05-11,53.95
2016-05-12,53.97
2016-05-13,53.99
2016-05-14,53.99
2016-05-15,53.99
2016-05-16,53.99
2016-05-17,53.99
2016-05-18,53.97
2016-05-19,53.94
2016-05-20,53.73
2016-05-21,53.92
2016-05-22,53.97
2016-05-23,53.99
2016-05-24,53.95
2016-05-25,53.99
2016-05-26,53.52
2016-05-27,53.15
2016-05-28,53.34
2016-05-29,53.22
2016-05-30,53.54
2016-05-31,53.5
2016-06-01,53.0
2016-06-02,52.7
2016-06-03,51.97
2016-06-04,51.99
2016-06-05,51.95
2016-06-06,51.03
2016-06-07,51.12
2016-06-08,51.15
2016-06-09,50.46
2016-06-10,50.46
2016-06-11,50.82
2016-06-12,51.18
2016-06-13,51.06
2016-06-14,50.82
2016-06-15,50.27
2016-06-16,50.2
2016-06-17,50.0
2016-06-18,49.89
2016-06-19,49.7
2016-06-20,49.5
2016-06-21,49.49
2016-06-22,49.49
2016-06-23,49.5
2016-06-24,49.5
2016-06-25,49.49
2016-06-26,49.49
2016-06-27,49.0
2016-06-28,49.4
2016-06-29,49.4
2016-06-30,49.0
2016-07-01,49.08
2016-07-02,49.04
2016-07-03,49.04
2016-07-04,49.0
2016-07-05,49.02
2016-07-06,48.77
2016-07-07,48.36
2016-07-08,48.38
2016-07-09,48.21
2016-07-10,48.13
2016-07-11,48.34
2016-07-12,48.34
2016-07-13,48.01
2016-07-14,47.88
2016-07-15,47.08
2016-07-16,46.39
2016-07-17,45.99
2016-07-18,45.93
2016-07-19,45.99
2016-07-20,45.94
2016-07-21,45.92
2016-07-22,45.76
2016-07-23,45.56
2016-07-24,45.47
2016-07-25,45.42
2016-07-26,45.21
2016-07-27,44.95
2016-07-28,44.65
2016-07-29,44.5
2016-07-30,44.58
2016-07-31,44.65
2016-08-01,44.82
2016-08-02,45.0
2016-08-03,44.99
2016-08-04,44.97
2016-08-05,44.92
2016-08-06,45.0
2016-08-07,44.95
2016-08-08,44.95
2016-08-09,43.83
2016-08-10,44.95
2016-08-11,44.3
2016-08-12,43.99
2016-08-13,43.99
2016-08-14,44.65
2016-08-15,44.87
2016-08-16,44.32
2016-08-17,44.62
2016-08-18,44.31
2016-08-19,43.99
2016-08-20,43.41
2016-08-22,42.9
2016-08-23,43.76
2016-08-24,43.76
2016-08-25,43.99
2016-08-26,43.85
2016-08-27,43.99
2016-08-28,43.99
2016-08-29,43.99
2016-08-30,43.41
2016-08-31,43.41
2016-09-01,43.41
2016-09-02,43.18
2016-09-03,42.93
2016-09-04,43.43
2016-09-05,43.41
2016-09-06,43.41
2016-09-07,43.7
2016-09-08,43.41
2016-09-09,43.15
2016-09-10,43.03
2016-09-11,42.9
2016-09-12,43.28
2016-09-13,43.4
2016-09-14,42.74
2016-09-15,42.72
2016-09-16,42.73
2016-09-17,42.72
2016-09-19,42.72
2016-09-20,42.73
2016-09-21,42.72
2016-09-22,42.36
2016-09-23,42.33
2016-09-24,42.36
2016-09-25,42.12
2016-09-26,41.66
2016-09-27,41.91
2016-09-28,42.12
2016-09-29,42.33
2016-09-30,41.98
2016-10-01,41.95
2016-10-02,41.95
2016-10-03,42.15
2016-10-04,42.01
2016-10-05,42.15
2016-10-06,42.22
2016-10-07,41.95
2016-10-08,42.01
2016-10-09,41.64
2016-10-10,41.59
2016-10-11,41.17
2016-10-12,41.17
2016-10-13,41.17
2016-10-14,40.0
2016-10-15,40.13
2016-10-16,40.0
2016-10-17,39.99
2016-10-18,40.34
2016-10-19,40.49
2016-10-20,39.97
2016-10-21,37.25
2016-10-22,39.99
2016-10-23,40.0
2016-10-24,40.14
2016-10-25,40.14
2016-10-26,40.27
2016-10-27,40.14
2016-10-28,40.27
2016-10-29,40.45
2016-10-30,40.34
2016-10-31,40.49
2016-11-01,40.55
2016-11-02,40.49
2016-11-03,40.27
2016-11-04,40.38
2016-11-05,40.44
2016-11-06,40.53
2016-11-07,40.99
2016-11-08,37.5
2016-11-09,40.49
2016-11-10,40.38
2016-11-11,40.27
2016-11-12,40.0
2016-11-13,39.99
2016-11-14,39.99
2016-11-15,39.97
2016-11-16,39.91
2016-11-17,39.59
2016-11-18,39.08
2016-11-19,39.0
2016-11-20,39.08
2016-11-21,38.98
2016-11-22,38.98
2016-11-23,38.84
2016-11-24,38.95
2016-11-25,38.98
2016-11-26,39.43
2016-11-27,38.99
2016-11-28,38.9
2016-11-29,38.78
2016-11-30,38.9
2016-12-01,38.65
2016-12-02,38.68
2016-12-03,38.61
2016-12-04,38.4
2016-12-05,38.4
2016-12-06,38.1
2016-12-07,37.98
2016-12-08,37.95
2016-12-09,37.98
2016-12-10,37.97
2016-12-11,37.95
2016-12-12,38.0
2016-12-13,37.97
2016-12-14,37.85
2016-12-15,37.52
2016-12-16,37.52
2016-12-17,37.58
2016-12-18,37.59
2016-12-19,37.58
2016-12-20,37.59
2016-12-21,37.17
2016-12-22,37.07
2016-12-23,37.0
2016-12-24,36.96
2016-12-25,36.92
2016-12-26,36.96
2016-12-27,37.0
2016-12-28,37.07
2016-12-29,36.96
2016-12-30,36.92
2016-12-31,36.92
2017-01-01,36.91
2017-01-02,36.74
2017-01-03,36.73
2017-01-04,36.74
2017-01-05,36.82
2017-01-06,36.65
2017-01-07,36.71
2017-01-08,36.65
2017-01-09,36.33
2017-01-10,36.41
2017-01-11,36.2
2017-01-12,36.1
2017-01-13,36.31
2017-01-14,36.51
2017-01-15,36.55
2017-01-16,36.08
2017-01-17,36.0
2017-01-18,36.08
2017-01-19,36.56
2017-01-20,36.46
2017-01-21,36.51
2017-01-22,36.55
2017-01-23,36.56
2017-01-24,36.61
2017-01-25,36.71
2017-01-26,36.71
2017-01-27,36.77
2017-01-28,36.77
2017-01-29,36.77
2017-01-30,36.85
2017-01-31,36.91
2017-02-01,37.01
2017-02-02,37.1
2017-02-03,36.84
2017-02-04,37.14
2017-02-05,37.14
2017-02-06,37.21
2017-02-07,36.91
2017-02-08,36.92
2017-02-09,36.92
2017-02-10,36.96
2017-02-11,37.0
2017-02-12,37.14
2017-02-13,37.39
2017-02-14,37.17
2017-02-15,37.14
2017-02-16,37.05
2017-02-17,37.05
2017-02-18,37.05
2017-02-19,37.68
2017-02-20,37.75
2017-02-21,37.83
2017-02-22,37.15
2017-02-23,37.15
2017-02-26,37.88
2017-02-27,37.83
2017-02-28,37.85
2017-03-01,37.95
2017-03-02,37.94
2017-03-03,37.95
2017-03-04,37.99
2017-03-05,38.13
2017-03-06,38.1
2017-03-07,36.96
2017-03-08,38.3
2017-03-09,38.99
2017-03-10,39.09
2017-03-11,38.99
2017-03-12,39.61
2017-03-13,39.71
2017-03-14,39.72
2017-03-15,39.53
2017-03-17,39.82
2017-03-18,39.53
2017-03-19,39.61
2017-03-20,39.82
2017-03-21,39.82
2017-03-22,39.96
2017-03-23,39.96
2017-03-24,39.96
2017-03-25,39.95
2017-03-26,39.96
2017-03-27,39.96
2017-03-28,39.95
2017-03-29,39.82
2017-03-30,39.74
2017-03-31,39.6
2017-04-01,39.95
2017-04-02,39.92
2017-04-03,39.96
2017-04-04,40.05
2017-04-05,40.06
2017-04-06,39.95
2017-04-07,39.95
2017-04-08,39.96
2017-04-09,39.96
2017-04-10,39.96
2017-04-11,39.95
2017-04-12,39.95
2017-04-13,39.95
2017-04-14,39.98
2017-04-15,40.28
2017-04-16,40.06
2017-04-17,40.06
2017-04-18,40.43
2017-04-19,40.43
2017-04-20,39.99
2017-04-21,40.33
2017-04-22,40.33
2017-04-23,39.98
2017-04-24,39.96
2017-04-25,39.96
2017-04-26,39.99
2017-04-27,39.96
2017-04-28,39.92
2017-04-29,39.92
2017-04-30,39.89
2017-05-01,39.92
2017-05-02,39.96
2017-05-03,39.96
2017-05-04,39.96
2017-05-05,39.87
2017-05-06,39.86
2017-05-07,39.87
2017-05-08,39.84
2017-05-09,39.86
2017-05-10,39.83
2017-05-11,39.83
2017-05-12,39.61
2017-05-13,39.66
2017-05-14,39.84
2017-05-15,39.63
2017-05-16,39.66
2017-05-17,39.75
2017-05-18,39.8
2017-05-19,39.79
2017-05-20,39.84
2017-05-21,39.75
2017-05-22,39.84
2017-05-23,39.84
2017-05-24,39.84
2017-05-25,39.66
2017-05-26,39.84
2017-05-27,39.67
2017-05-28,39.86
2017-05-29,39.77
2017-05-30,39.66
2017-05-31,39.77
2017-06-01,39.65
2017-06-02,39.7
2017-06-03,39.77
2017-06-04,39.77
2017-06-05,39.66
2017-06-06,39.88
2017-06-07,39.9
2017-06-08,39.93
2017-06-09,39.79
2017-06-10,39.89
2017-06-11,39.88
2017-06-12,39.89
2017-06-13,39.88
2017-06-14,39.87
2017-06-15,39.87
2017-06-16,39.89
2017-06-17,39.95
2017-06-18,39.99
2017-06-19,39.93
2017-06-20,39.99
2017-06-21,40.48
2017-06-22,40.72
2017-06-23,40.3
2017-06-24,40.12
2017-06-25,40.06
2017-06-26,39.99
2017-06-27,39.88
2017-06-28,39.99
2017-06-29,39.99
2017-06-30,39.99
2017-07-01,39.99
2017-07-02,40.0
2017-07-03,40.0
2017-07-04,40.48
2017-07-05,40.24
2017-07-06,40.24
2017-07-07,40.0
2017-07-08,39.99
2017-07-09,39.99
2017-07-10,40.24
2017-07-11,40.4
2017-07-12,40.4
2017-07-13,40.16
2017-07-14,40.71
2017-07-15,40.48
2017-07-16,39.99
2017-07-17,39.99
2017-07-18,39.99
2017-07-19,39.99
2017-07-20,39.61
2017-07-21,39.89
2017-07-22,39.89
2017-07-23,39.94
2017-07-24,39.89
2017-07-25,38.1
2017-07-26,39.87
2017-07-27,39.61
2017-07-28,39.61
2017-07-29,39.61
2017-07-30,39.56
2017-07-31,39.92
2017-08-01,40.48
2017-08-02,39.5
2017-08-03,39.5
2017-08-04,39.47
2017-08-05,39.5
2017-08-06,39.5
2017-08-07,39.56
2017-08-08,39.49
2017-08-09,39.47
2017-08-10,39.55
2017-08-11,39.61
2017-08-12,39.79
2017-08-13,39.7
2017-08-14,39.8
2017-08-15,40.0
2017-08-16,40.24
2017-08-17,40.24
2017-08-18,40.15
2017-08-19,41.76
2017-08-20,41.76
2017-08-21,41.95
2017-08-22,41.87
2017-08-23,42.71
2017-08-24,42.12
2017-08-25,41.73
2017-08-26,41.14
2017-08-27,40.48
2017-08-28,40.48
2017-08-29,40.48
2017-08-30,40.45
2017-08-31,41.21
2017-09-01,41.21
2017-09-02,41.87
2017-09-03,41.95
2017-09-04,42.38
2017-09-05,42.71
2017-09-06,42.04
2017-09-07,41.87
2017-09-08,42.11
2017-09-09,42.11
2017-09-10,41.95
2017-09-11,41.95
2017-09-12,40.54
2017-09-13,41.95
2017-09-14,42.0
2017-09-15,41.28
2017-09-16,41.28
2017-09-17,40.72
2017-09-18,40.49
2017-09-19,40.7
2017-09-20,41.87
2017-09-21,41.95
2017-09-22,41.87
2017-09-23,41.57
2017-09-24,41.26
2017-09-25,41.57
2017-09-26,42.17
2017-09-27,42.43
2017-09-28,41.95
2017-09-29,41.61
2017-09-30,41.58
2017-10-01,41.95
2017-10-02,42.21
2017-10-03,41.47
2017-10-04,42.19
2017-10-05,42.19
2017-10-06,42.07
2017-10-07,42.07
2017-10-08,42.46
2017-10-09,41.95
2017-10-10,42.32
2017-10-11,42.69
2017-10-12,42.74
2017-10-13,42.73
2017-10-14,42.74
2017-10-15,42.75
2017-10-16,42.74
2017-10-19,42.65
2017-10-20,42.69
2017-10-21,42.69
2017-10-22,42.73
2017-10-23,42.74
2017-10-24,42.74
2017-10-25,42.73
2017-10-26,42.69
2017-10-27,42.65
2017-10-28,42.43
2017-10-29,42.39
2017-10-30,42.19
2017-10-31,42.27
2017-11-01,42.19
2017-11-02,42.1
2017-11-03,42.35
2017-11-04,42.0
2017-11-05,41.92
2017-11-06,42.19
2017-11-07,42.27
2017-11-08,42.63
2017-11-09,42.65
2017-11-10,42.69
2017-11-11,42.69
2017-11-12,42.69
2017-11-13,42.75
2017-11-14,42.76
2017-11-15,42.76
2017-11-16,42.99
2017-11-17,42.99
2017-11-18,43.26
2017-11-19,42.99
2017-11-20,42.99
2017-11-21,42.79
2017-11-22,42.99
2017-11-23,42.88
2017-11-24,43.24
2017-11-25,43.42
2017-11-26,43.59
2017-11-27,43.3
2017-11-28,43.59
2017-11-29,43.69
2017-11-30,42.9
2017-12-01,42.93
2017-12-02,42.93
2017-12-03,42.93
2017-12-04,43.23
2017-12-05,43.08
2017-12-06,42.87
2017-12-07,42.73
2017-12-08,42.69
2017-12-09,42.8
2017-12-10,42.65
2017-12-11,42.65
2017-12-12,42.57
2017-12-13,42.49
2017-12-14,42.44
2017-12-15,42.39
2017-12-16,42.44
2017-12-17,42.57
2017-12-18,42.49
2017-12-19,42.45
2017-12-20,42.39
2017-12-21,42.34
2017-12-22,42.34
2017-12-23,42.42
2017-12-24,42.39
2017-12-25,42.39
2017-12-26,42.39
2017-12-27,42.39
2017-12-28,42.15
2017-12-29,42.15
2017-12-30,42.15
2017-12-31,42.0
2018-01-01,42.0
2018-01-02,42.0
2018-01-03,42.32
2018-01-04,42.32
2018-01-05,42.29
2018-01-06,42.29
2018-01-07,42.32
2018-01-08,42.45
2018-01-09,42.5
2018-01-10,42.4
2018-01-11,42.4
2018-01-12,42.15
2018-01-13,42.0
2018-01-14,42.0
2018-01-15,41.86
2018-01-16,42.15
2018-01-17,42.0
2018-01-18,42.23
2018-01-19,42.49
2018-01-20,42.25
2018-01-21,42.49
2018-01-22,42.49
2018-01-23,42.59
2018-01-24,42.58
2018-01-25,42.7
2018-01-26,42.8
2018-01-27,42.7
2018-01-28,43.02
2018-01-29,43.46
2018-01-30,43.69
2018-01-31,43.69
2018-02-01,42.99
2018-02-02,42.72
2018-02-03,42.74
2018-02-04,42.99
2018-02-05,43.69
2018-02-06,43.46
2018-02-07,43.28
2018-02-08,43.23
2018-02-09,37.78
